,hotel_id,hotel_name,price_per_night,rating,review_num,url
0,1614401,Hotel Indigo Los Angeles Downtown,188.1,8.7,1340,https://agoda.com/hotel-indigo-los-angeles-downtown/hotel/los-angeles-ca-us.html?checkin=2019-12-25&los=1&adults=2&rooms=1&searchrequestid=d1ee61af-1de7-4a2b-959c-93e419adff28&travellerType=1&tspTypes=4
1,75636,Los Angeles Adventurer All Suite Hotel,90.25,5.5,1462,https://agoda.com/los-angeles-adventurer-all-suite-hotel/hotel/los-angeles-ca-us.html?checkin=2019-12-25&los=1&adults=2&rooms=1&searchrequestid=d1ee61af-1de7-4a2b-959c-93e419adff28&travellerType=1
2,147290,Custom Hotel,106.25,6.8,2284,https://agoda.com/custom-hotel/hotel/los-angeles-ca-us.html?checkin=2019-12-25&los=1&adults=2&rooms=1&searchrequestid=d1ee61af-1de7-4a2b-959c-93e419adff28&travellerType=1&tspTypes=9
3,523468,Monterey Inn Hotel,54.0,6.8,241,https://agoda.com/monterey-inn-hotel/hotel/los-angeles-ca-us.html?checkin=2019-12-25&los=1&adults=2&rooms=1&searchrequestid=d1ee61af-1de7-4a2b-959c-93e419adff28&travellerType=1
4,272130,Hilton Garden Inn Los Angeles Hollywood,179.1,7.9,736,https://agoda.com/hilton-garden-inn-los-angeles-hollywood/hotel/los-angeles-ca-us.html?checkin=2019-12-25&los=1&adults=2&rooms=1&searchrequestid=d1ee61af-1de7-4a2b-959c-93e419adff28&travellerType=1&tspTypes=2
5,686905,Hilton Garden Inn Los Angeles/Redondo Beach,141.68,8.4,345,https://agoda.com/hilton-garden-inn-los-angeles-redondo-beach/hotel/los-angeles-ca-us.html?checkin=2019-12-25&los=1&adults=2&rooms=1&searchrequestid=d1ee61af-1de7-4a2b-959c-93e419adff28&travellerType=1
6,410464,Backpackers Paradise,95.0,5.7,1546,https://agoda.com/backpackers-paradise/hotel/los-angeles-ca-us.html?checkin=2019-12-25&los=1&adults=2&rooms=1&searchrequestid=d1ee61af-1de7-4a2b-959c-93e419adff28&travellerType=1&tspTypes=9
7,446753,The Hotel Fullerton,135.0,8.2,673,https://agoda.com/the-hotel-fullerton/hotel/los-angeles-ca-us.html?checkin=2019-12-25&los=1&adults=2&rooms=1&searchrequestid=d1ee61af-1de7-4a2b-959c-93e419adff28&travellerType=1&tspTypes=1
8,568862,Redac Gateway Hotel in Torrance,99.0,8.1,602,https://agoda.com/redac-gateway-hotel-in-torrance/hotel/los-angeles-ca-us.html?checkin=2019-12-25&los=1&adults=2&rooms=1&searchrequestid=d1ee61af-1de7-4a2b-959c-93e419adff28&travellerType=1&tspTypes=6
9,83601,Travelodge by Wyndham LAX South,84.99,7.1,2119,https://agoda.com/travelodge-by-wyndham-lax-south/hotel/los-angeles-ca-us.html?checkin=2019-12-25&los=1&adults=2&rooms=1&searchrequestid=d1ee61af-1de7-4a2b-959c-93e419adff28&travellerType=1&tspTypes=2
10,167499,Baymont by Wyndham LAX/Lawndale,84.99,7.5,1969,https://agoda.com/baymont-by-wyndham-lax-lawndale/hotel/los-angeles-ca-us.html?checkin=2019-12-25&los=1&adults=2&rooms=1&searchrequestid=d1ee61af-1de7-4a2b-959c-93e419adff28&travellerType=1
11,360413,LAX Suites,67.12,6.5,2459,https://agoda.com/lax-suites/hotel/los-angeles-ca-us.html?checkin=2019-12-25&los=1&adults=2&rooms=1&searchrequestid=d1ee61af-1de7-4a2b-959c-93e419adff28&travellerType=1&tspTypes=9
12,212279,Value Inn Worldwide Inglewood,68.0,7.5,1478,https://agoda.com/value-inn-worldwide-inglewood/hotel/los-angeles-ca-us.html?checkin=2019-12-25&los=1&adults=2&rooms=1&searchrequestid=d1ee61af-1de7-4a2b-959c-93e419adff28&travellerType=1&tspTypes=9
13,553491,USA Hostels Hollywood,56.0,8.5,1957,https://agoda.com/usa-hostels-hollywood/hotel/los-angeles-ca-us.html?checkin=2019-12-25&los=1&adults=2&rooms=1&searchrequestid=d1ee61af-1de7-4a2b-959c-93e419adff28&travellerType=1
14,46466,The Queen Mary Hotel,93.98,7.4,4782,https://agoda.com/the-queen-mary-hotel/hotel/los-angeles-ca-us.html?checkin=2019-12-25&los=1&adults=2&rooms=1&searchrequestid=d1ee61af-1de7-4a2b-959c-93e419adff28&travellerType=1&tspTypes=3
15,6950749,Stanton Inn and Suites,65.0,6.8,246,https://agoda.com/stanton-inn-suites/hotel/los-angeles-ca-us.html?checkin=2019-12-25&los=1&adults=2&rooms=1&searchrequestid=d1ee61af-1de7-4a2b-959c-93e419adff28&travellerType=1
16,64583,Motel 6 Carson,77.35,7.8,1162,https://agoda.com/motel-6-carson/hotel/los-angeles-ca-us.html?checkin=2019-12-25&los=1&adults=2&rooms=1&searchrequestid=d1ee61af-1de7-4a2b-959c-93e419adff28&travellerType=1&tspTypes=1
17,184496,Tradewinds Airport Hotel,78.16,5.5,331,https://agoda.com/tradewinds-airport-hotel/hotel/los-angeles-ca-us.html?checkin=2019-12-25&los=1&adults=2&rooms=1&searchrequestid=d1ee61af-1de7-4a2b-959c-93e419adff28&travellerType=1&tspTypes=9
18,169557,City Center Hotel Los Angeles,87.72,5.6,921,https://agoda.com/city-center-hotel-los-angeles/hotel/los-angeles-ca-us.html?checkin=2019-12-25&los=1&adults=2&rooms=1&searchrequestid=d1ee61af-1de7-4a2b-959c-93e419adff28&travellerType=1
19,735242,Garden Inn San Gabriel,92.89,7.5,228,https://agoda.com/garden-inn-san-gabriel/hotel/los-angeles-ca-us.html?checkin=2019-12-25&los=1&adults=2&rooms=1&searchrequestid=d1ee61af-1de7-4a2b-959c-93e419adff28&travellerType=1&tspTypes=1
20,2455552,Knott's Berry Farm Hotel,114.0,8.0,1134,https://agoda.com/knott-s-berry-farm-hotel_3/hotel/los-angeles-ca-us.html?checkin=2019-12-25&los=1&adults=2&rooms=1&searchrequestid=4fc3db6f-4e35-42ea-9d1f-2221fb03bcff&travellerType=1&tspTypes=2
21,2390,Sheraton Gateway Los Angeles Hotel,109.0,8.3,6068,https://agoda.com/sheraton-gateway-los-angeles-hotel/hotel/los-angeles-ca-us.html?checkin=2019-12-25&los=1&adults=2&rooms=1&searchrequestid=4fc3db6f-4e35-42ea-9d1f-2221fb03bcff&travellerType=1&tspTypes=9
22,350787,Crystal Inn Suites & Spas,76.5,7.8,807,https://agoda.com/crystal-inn-suites-spas/hotel/los-angeles-ca-us.html?checkin=2019-12-25&los=1&adults=2&rooms=1&searchrequestid=4fc3db6f-4e35-42ea-9d1f-2221fb03bcff&travellerType=1&tspTypes=1
23,2466766,Days Inn & Suites by Wyndham South Gate,80.0,7.6,308,https://agoda.com/days-inn-suites-by-wyndham-south-gate/hotel/los-angeles-ca-us.html?checkin=2019-12-25&los=1&adults=2&rooms=1&searchrequestid=4fc3db6f-4e35-42ea-9d1f-2221fb03bcff&travellerType=1
24,6947368,Good Nite Inn Buena Park ,88.0,8.4,1382,https://agoda.com/good-nite-inn-buena-park/hotel/los-angeles-ca-us.html?checkin=2019-12-25&los=1&adults=2&rooms=1&searchrequestid=4fc3db6f-4e35-42ea-9d1f-2221fb03bcff&travellerType=1&tspTypes=6
25,2186134,Ramada Plaza by Wyndham Garden Grove/Anaheim South,125.1,7.5,276,https://agoda.com/ramada-plaza-by-wyndham-garden-grove-anaheim-south/hotel/los-angeles-ca-us.html?checkin=2019-12-25&los=1&adults=2&rooms=1&searchrequestid=4fc3db6f-4e35-42ea-9d1f-2221fb03bcff&travellerType=1&tspTypes=9
26,206775,Hollywood Stars Inn,112.0,7.2,302,https://agoda.com/hollywood-stars-inn/hotel/los-angeles-ca-us.html?checkin=2019-12-25&los=1&adults=2&rooms=1&searchrequestid=4fc3db6f-4e35-42ea-9d1f-2221fb03bcff&travellerType=1&tspTypes=1
27,2488,Hyatt Regency Los Angeles International Airport,129.0,8.6,5043,https://agoda.com/hyatt-regency-los-angeles-international-airport/hotel/los-angeles-ca-us.html?checkin=2019-12-25&los=1&adults=2&rooms=1&searchrequestid=4fc3db6f-4e35-42ea-9d1f-2221fb03bcff&travellerType=1&tspTypes=1
28,147300,O Hotel,189.0,7.7,1259,https://agoda.com/o-hotel/hotel/los-angeles-ca-us.html?checkin=2019-12-25&los=1&adults=2&rooms=1&searchrequestid=4fc3db6f-4e35-42ea-9d1f-2221fb03bcff&travellerType=1&tspTypes=2
29,46453,The Westin Los Angeles Airport,109.0,8.1,2546,https://agoda.com/the-westin-los-angeles-airport/hotel/los-angeles-ca-us.html?checkin=2019-12-25&los=1&adults=2&rooms=1&searchrequestid=4fc3db6f-4e35-42ea-9d1f-2221fb03bcff&travellerType=1&tspTypes=9
30,4750630,LA Crystal Hotel,73.84,6.8,3429,https://agoda.com/la-crystal-hotel_8/hotel/los-angeles-ca-us.html?checkin=2019-12-25&los=1&adults=2&rooms=1&searchrequestid=4fc3db6f-4e35-42ea-9d1f-2221fb03bcff&travellerType=1
31,2456883,Extended Stay America Orange County Cypress,118.74,6.8,180,https://agoda.com/extended-stay-america-orange-county-cypress_2/hotel/los-angeles-ca-us.html?checkin=2019-12-25&los=1&adults=2&rooms=1&searchrequestid=4fc3db6f-4e35-42ea-9d1f-2221fb03bcff&travellerType=1
32,6405058,The Canterbury Suites,125.0,6.9,596,https://agoda.com/the-canterbury-suites/hotel/los-angeles-ca-us.html?checkin=2019-12-25&los=1&adults=2&rooms=1&searchrequestid=4fc3db6f-4e35-42ea-9d1f-2221fb03bcff&travellerType=1
33,6950744,Samesun Venice Beach,53.0,8.1,2088,https://agoda.com/samesun-venice-beach/hotel/los-angeles-ca-us.html?checkin=2019-12-25&los=1&adults=2&rooms=1&searchrequestid=4fc3db6f-4e35-42ea-9d1f-2221fb03bcff&travellerType=1
34,93746,The Dixie Hollywood Hotel,143.0,7.4,1980,https://agoda.com/the-dixie-hollywood-hotel/hotel/los-angeles-ca-us.html?checkin=2019-12-25&los=1&adults=2&rooms=1&searchrequestid=4fc3db6f-4e35-42ea-9d1f-2221fb03bcff&travellerType=1
35,1459573,Los Angeles Hollywood Apartments,97.0,6.8,220,https://agoda.com/los-angeles-hollywood-apartments/hotel/los-angeles-ca-us.html?checkin=2019-12-25&los=1&adults=2&rooms=1&searchrequestid=4fc3db6f-4e35-42ea-9d1f-2221fb03bcff&travellerType=1
36,6947432,Good Nite Inn Sylmar ,78.21,7.8,681,https://agoda.com/good-nite-inn-sylmar/hotel/los-angeles-ca-us.html?checkin=2019-12-25&los=1&adults=2&rooms=1&searchrequestid=4fc3db6f-4e35-42ea-9d1f-2221fb03bcff&travellerType=1
37,2458651,Extended Stay America Anaheim Convention Center,166.24,6.8,782,https://agoda.com/extended-stay-america-anaheim-convention-center_2/hotel/los-angeles-ca-us.html?checkin=2019-12-25&los=1&adults=2&rooms=1&searchrequestid=4fc3db6f-4e35-42ea-9d1f-2221fb03bcff&travellerType=1&tspTypes=9
38,7788,Crowne Plaza Los Angeles International Airport,104.0,8.1,6707,https://agoda.com/crowne-plaza-los-angeles-international-airport/hotel/los-angeles-ca-us.html?checkin=2019-12-25&los=1&adults=2&rooms=1&searchrequestid=4fc3db6f-4e35-42ea-9d1f-2221fb03bcff&travellerType=1&tspTypes=4
39,2452040,Mikado Hotel,139.0,7.6,945,https://agoda.com/mikado-hotel_2/hotel/los-angeles-ca-us.html?checkin=2019-12-25&los=1&adults=2&rooms=1&searchrequestid=4fc3db6f-4e35-42ea-9d1f-2221fb03bcff&travellerType=1&tspTypes=9
40,44144,Millennium Biltmore Los Angeles,161.1,8.1,2489,https://agoda.com/millennium-biltmore-los-angeles/hotel/los-angeles-ca-us.html?checkin=2019-12-25&los=1&adults=2&rooms=1&searchrequestid=eff849a1-c9e9-41dd-907e-903a522b224d&travellerType=1&tspTypes=9
41,376953,Hollywood La Brea Inn,114.0,7.1,1955,https://agoda.com/hollywood-la-brea-inn/hotel/los-angeles-ca-us.html?checkin=2019-12-25&los=1&adults=2&rooms=1&searchrequestid=eff849a1-c9e9-41dd-907e-903a522b224d&travellerType=1&tspTypes=2
42,365899,Hollywood Inn Express LAX,75.0,7.8,651,https://agoda.com/hollywood-inn-express-lax/hotel/los-angeles-ca-us.html?checkin=2019-12-25&los=1&adults=2&rooms=1&searchrequestid=eff849a1-c9e9-41dd-907e-903a522b224d&travellerType=1
43,10914070,Anaheim Maingate Inn,0.0,6.6,1925,https://agoda.com/anaheim-maingate-inn_2/hotel/los-angeles-ca-us.html?checkin=2019-12-25&los=1&adults=2&rooms=1&searchrequestid=eff849a1-c9e9-41dd-907e-903a522b224d&travellerType=1
44,1102810,Amazing Hollywood Blvd View,189.0,7.5,41,https://agoda.com/amazing-hollywood-blvd-view/hotel/all/los-angeles-ca-us.html?checkin=2019-12-25&los=1&adults=2&rooms=1&searchrequestid=eff849a1-c9e9-41dd-907e-903a522b224d&travellerType=1&tspTypes=4
45,2459602,Extended Stay America LAX Airport El Segundo,113.99,7.1,289,https://agoda.com/extended-stay-america-lax-airport-el-segundo/hotel/los-angeles-ca-us.html?checkin=2019-12-25&los=1&adults=2&rooms=1&searchrequestid=eff849a1-c9e9-41dd-907e-903a522b224d&travellerType=1&tspTypes=9
46,43984,Hollywood Hotel - The Hotel of Hollywood Near Universal Studios,215.99,7.7,1826,https://agoda.com/hollywood-hotel-the-hotel-of-hollywood-near-universal-studios/hotel/los-angeles-ca-us.html?checkin=2019-12-25&los=1&adults=2&rooms=1&searchrequestid=eff849a1-c9e9-41dd-907e-903a522b224d&travellerType=1&tspTypes=9
47,108625,Best Western Plus South Bay Hotel LAX,109.99,7.8,1023,https://agoda.com/best-western-plus-south-bay-hotel-lax/hotel/los-angeles-ca-us.html?checkin=2019-12-25&los=1&adults=2&rooms=1&searchrequestid=eff849a1-c9e9-41dd-907e-903a522b224d&travellerType=1&tspTypes=9
48,566946,Rotex Hotel,107.36,7.0,822,https://agoda.com/rotex-hotel/hotel/los-angeles-ca-us.html?checkin=2019-12-25&los=1&adults=2&rooms=1&searchrequestid=eff849a1-c9e9-41dd-907e-903a522b224d&travellerType=1
49,6104521,Upscale Loft in Downtown LA,129.6,6.4,24,https://agoda.com/upscale-loft-in-downtown-la/hotel/all/los-angeles-ca-us.html?checkin=2019-12-25&los=1&adults=2&rooms=1&searchrequestid=eff849a1-c9e9-41dd-907e-903a522b224d&travellerType=1&tspTypes=9
50,176126,Hollywood City Inn,149.0,7.7,1694,https://agoda.com/hollywood-city-inn/hotel/los-angeles-ca-us.html?checkin=2019-12-25&los=1&adults=2&rooms=1&searchrequestid=eff849a1-c9e9-41dd-907e-903a522b224d&travellerType=1&tspTypes=2
51,93796,Ramada by Wyndham Los Angeles/Wilshire Center,106.25,6.9,617,https://agoda.com/ramada-by-wyndham-los-angeles-wilshire-center/hotel/los-angeles-ca-us.html?checkin=2019-12-25&los=1&adults=2&rooms=1&searchrequestid=eff849a1-c9e9-41dd-907e-903a522b224d&travellerType=1&tspTypes=9
52,2277499,Kings Inn Anaheim at The Park & Convention Center,153.85,8.5,189,https://agoda.com/kings-inn-anaheim-at-the-park-convention-center/hotel/los-angeles-ca-us.html?checkin=2019-12-25&los=1&adults=2&rooms=1&searchrequestid=eff849a1-c9e9-41dd-907e-903a522b224d&travellerType=1&tspTypes=1
53,5056604,Los Angeles RoomRentals Harvard Heights,53.0,8.3,446,https://agoda.com/los-angeles-roomrentals-harvard-heights/hotel/los-angeles-ca-us.html?checkin=2019-12-25&los=1&adults=2&rooms=1&searchrequestid=eff849a1-c9e9-41dd-907e-903a522b224d&travellerType=1
54,2459570,La Quinta Inn & Suites by Wyndham LAX,107.1,7.6,5043,https://agoda.com/la-quinta-inn-suites-lax_2/hotel/los-angeles-ca-us.html?checkin=2019-12-25&los=1&adults=2&rooms=1&searchrequestid=eff849a1-c9e9-41dd-907e-903a522b224d&travellerType=1&tspTypes=9
55,7481481,Xenia Homes- Resort Style in Downtown L.A.,131.4,7.4,10,https://agoda.com/xenia-homes-resort-style-in-downtown-l-a/hotel/all/los-angeles-ca-us.html?checkin=2019-12-25&los=1&adults=2&rooms=1&searchrequestid=eff849a1-c9e9-41dd-907e-903a522b224d&travellerType=1
56,101108,Super 8 By Wyndham Los Angeles Airport,91.0,7.1,3839,https://agoda.com/super-8-by-wyndham-los-angeles-airport/hotel/los-angeles-ca-us.html?checkin=2019-12-25&los=1&adults=2&rooms=1&searchrequestid=eff849a1-c9e9-41dd-907e-903a522b224d&travellerType=1
57,81274,Hilton Los Angeles San Gabriel Hotel,146.88,8.3,695,https://agoda.com/hilton-los-angeles-san-gabriel-hotel/hotel/los-angeles-ca-us.html?checkin=2019-12-25&los=1&adults=2&rooms=1&searchrequestid=eff849a1-c9e9-41dd-907e-903a522b224d&travellerType=1&tspTypes=1
58,46433,Four Points by Sheraton Los Angeles International Airport,101.15,7.5,4429,https://agoda.com/four-points-by-sheraton-los-angeles-international-airport/hotel/los-angeles-ca-us.html?checkin=2019-12-25&los=1&adults=2&rooms=1&searchrequestid=eff849a1-c9e9-41dd-907e-903a522b224d&travellerType=1&tspTypes=3
59,485352,Travel Inn,78.0,7.0,815,https://agoda.com/travel-inn/hotel/los-angeles-ca-us.html?checkin=2019-12-25&los=1&adults=2&rooms=1&searchrequestid=eff849a1-c9e9-41dd-907e-903a522b224d&travellerType=1&tspTypes=1
60,75667,Hollywood Inn Express South,105.6,6.9,501,https://agoda.com/hollywood-inn-express-south/hotel/los-angeles-ca-us.html?checkin=2019-12-25&los=1&adults=2&rooms=1&searchrequestid=2507dcfc-be71-4357-b34c-44ed8c031b22&travellerType=1
61,484792,Titta Inn,94.5,8.3,3067,https://agoda.com/titta-inn/hotel/los-angeles-ca-us.html?checkin=2019-12-25&los=1&adults=2&rooms=1&searchrequestid=2507dcfc-be71-4357-b34c-44ed8c031b22&travellerType=1&tspTypes=1
62,64776,Peacock Suites,133.0,8.6,102,https://agoda.com/peacock-suites/hotel/los-angeles-ca-us.html?checkin=2019-12-25&los=1&adults=2&rooms=1&searchrequestid=2507dcfc-be71-4357-b34c-44ed8c031b22&travellerType=1
63,166633,Executive Inn & Suites,99.0,6.7,115,https://agoda.com/executive-inn-suites/hotel/los-angeles-ca-us.html?checkin=2019-12-25&los=1&adults=2&rooms=1&searchrequestid=2507dcfc-be71-4357-b34c-44ed8c031b22&travellerType=1&tspTypes=9
64,872224,Quality Inn & Suites at the Bicycle Casino,74.8,6.9,353,https://agoda.com/quality-inn-suites-bell-gardens/hotel/los-angeles-ca-us.html?checkin=2019-12-25&los=1&adults=2&rooms=1&searchrequestid=2507dcfc-be71-4357-b34c-44ed8c031b22&travellerType=1
65,44148,Holiday Inn Express Los Angeles LAX Airport,111.2,8.2,1335,https://agoda.com/holiday-inn-express-los-angeles-lax-airport/hotel/los-angeles-ca-us.html?checkin=2019-12-25&los=1&adults=2&rooms=1&searchrequestid=2507dcfc-be71-4357-b34c-44ed8c031b22&travellerType=1
66,248781,Hawthorne Plaza Inn Near LAX,75.0,7.9,520,https://agoda.com/hawthorne-plaza-inn-near-lax/hotel/los-angeles-ca-us.html?checkin=2019-12-25&los=1&adults=2&rooms=1&searchrequestid=2507dcfc-be71-4357-b34c-44ed8c031b22&travellerType=1&tspTypes=1
67,147805,Ramada by Wyndham Torrance,107.1,7.5,837,https://agoda.com/ramada-by-wyndham-torrance/hotel/los-angeles-ca-us.html?checkin=2019-12-25&los=1&adults=2&rooms=1&searchrequestid=2507dcfc-be71-4357-b34c-44ed8c031b22&travellerType=1&tspTypes=9
68,568868,Le Bon Hotel Hollywood,145.0,7.3,811,https://agoda.com/le-bon-hotel-hollywood/hotel/los-angeles-ca-us.html?checkin=2019-12-25&los=1&adults=2&rooms=1&searchrequestid=2507dcfc-be71-4357-b34c-44ed8c031b22&travellerType=1&tspTypes=2
69,2453468,Alamo Inn and Suites - Convention Center,110.0,8.0,1929,https://agoda.com/alamo-inn-and-suites-convention-center_2/hotel/los-angeles-ca-us.html?checkin=2019-12-25&los=1&adults=2&rooms=1&searchrequestid=2507dcfc-be71-4357-b34c-44ed8c031b22&travellerType=1&tspTypes=2
70,6947374,Good Nite Inn Calabasas,100.0,8.0,1432,https://agoda.com/good-nite-inn-calabasas/hotel/los-angeles-ca-us.html?checkin=2019-12-25&los=1&adults=2&rooms=1&searchrequestid=2507dcfc-be71-4357-b34c-44ed8c031b22&travellerType=1
71,209930,Rose Bowl Motel,63.0,7.5,360,https://agoda.com/rose-bowl-motel/hotel/los-angeles-ca-us.html?checkin=2019-12-25&los=1&adults=2&rooms=1&searchrequestid=2507dcfc-be71-4357-b34c-44ed8c031b22&travellerType=1
72,2462890,Extended Stay America Los Angeles-South,90.24,6.3,358,https://agoda.com/extended-stay-america-los-angeles-south_2/hotel/los-angeles-ca-us.html?checkin=2019-12-25&los=1&adults=2&rooms=1&searchrequestid=2507dcfc-be71-4357-b34c-44ed8c031b22&travellerType=1
73,2462441,Extended Stay America Los Angeles-Long Beach,99.74,6.4,297,https://agoda.com/extended-stay-america-los-angeles-long-beach/hotel/los-angeles-ca-us.html?checkin=2019-12-25&los=1&adults=2&rooms=1&searchrequestid=2507dcfc-be71-4357-b34c-44ed8c031b22&travellerType=1
74,7485025,The Belmont Shore Inn,179.0,8.4,102,https://agoda.com/the-belmont-shore-inn/hotel/los-angeles-ca-us.html?checkin=2019-12-25&los=1&adults=2&rooms=1&searchrequestid=2507dcfc-be71-4357-b34c-44ed8c031b22&travellerType=1
75,6950042,Morada Inn,69.87,7.1,683,https://agoda.com/morada-inn/hotel/los-angeles-ca-us.html?checkin=2019-12-25&los=1&adults=2&rooms=1&searchrequestid=2507dcfc-be71-4357-b34c-44ed8c031b22&travellerType=1
76,2463748,Super 8 By Wyndham Long Beach,91.8,7.9,1096,https://agoda.com/super-8-by-wyndham-long-beach/hotel/los-angeles-ca-us.html?checkin=2019-12-25&los=1&adults=2&rooms=1&searchrequestid=2507dcfc-be71-4357-b34c-44ed8c031b22&travellerType=1&tspTypes=6
77,6484617,Las Palmas Hotel,110.0,6.5,119,https://agoda.com/las-palmas-hotel_2/hotel/los-angeles-ca-us.html?checkin=2019-12-25&los=1&adults=2&rooms=1&searchrequestid=2507dcfc-be71-4357-b34c-44ed8c031b22&travellerType=1&tspTypes=9
78,1809196,Days Inn by Wyndham Anaheim Near the Park,102.0,7.6,999,https://agoda.com/days-inn-by-wyndham-anaheim-near-the-park/hotel/los-angeles-ca-us.html?checkin=2019-12-25&los=1&adults=2&rooms=1&searchrequestid=8b5a7e10-ac3d-4a6d-9c91-5f4a2e9730c0&travellerType=1&tspTypes=9
79,147287,Beverly Inn,105.0,6.7,723,https://agoda.com/beverly-inn/hotel/los-angeles-ca-us.html?checkin=2019-12-25&los=1&adults=2&rooms=1&searchrequestid=8b5a7e10-ac3d-4a6d-9c91-5f4a2e9730c0&travellerType=1&tspTypes=9
80,5912084,MyStayLA,29.0,7.7,132,https://agoda.com/mystayla/hotel/all/los-angeles-ca-us.html?checkin=2019-12-25&los=1&adults=2&rooms=1&searchrequestid=8b5a7e10-ac3d-4a6d-9c91-5f4a2e9730c0&travellerType=1
81,285445,Hollywood Palms Inn & Suites,115.0,6.1,535,https://agoda.com/hollywood-palms-inn-suites/hotel/los-angeles-ca-us.html?checkin=2019-12-25&los=1&adults=2&rooms=1&searchrequestid=8b5a7e10-ac3d-4a6d-9c91-5f4a2e9730c0&travellerType=1
82,6727404,Stuart Hotel,72.25,5.0,1395,https://agoda.com/stuart-hotel/hotel/los-angeles-ca-us.html?checkin=2019-12-25&los=1&adults=2&rooms=1&searchrequestid=8b5a7e10-ac3d-4a6d-9c91-5f4a2e9730c0&travellerType=1
83,341467,Wilshire Crest Hotel,155.73,7.9,492,https://agoda.com/wilshire-crest-hotel/hotel/los-angeles-ca-us.html?checkin=2019-12-25&los=1&adults=2&rooms=1&searchrequestid=8b5a7e10-ac3d-4a6d-9c91-5f4a2e9730c0&travellerType=1&tspTypes=2
84,101441,Best Western Plus Carriage Inn,143.65,8.2,791,https://agoda.com/best-western-plus-carriage-inn/hotel/los-angeles-ca-us.html?checkin=2019-12-25&los=1&adults=2&rooms=1&searchrequestid=8b5a7e10-ac3d-4a6d-9c91-5f4a2e9730c0&travellerType=1&tspTypes=2
85,208390,Miyako Hybrid Hotel,189.0,8.7,356,https://agoda.com/miyako-hybrid-hotel/hotel/los-angeles-ca-us.html?checkin=2019-12-25&los=1&adults=2&rooms=1&searchrequestid=8b5a7e10-ac3d-4a6d-9c91-5f4a2e9730c0&travellerType=1&tspTypes=1
86,2465132,Hyatt Regency Orange County,118.15,8.7,2008,https://agoda.com/hyatt-regency-orange-county_7/hotel/los-angeles-ca-us.html?checkin=2019-12-25&los=1&adults=2&rooms=1&searchrequestid=8b5a7e10-ac3d-4a6d-9c91-5f4a2e9730c0&travellerType=1&tspTypes=6
87,2449766,Extended Stay America Los Angeles-La Mirada,90.24,7.4,195,https://agoda.com/extended-stay-america-los-angeles-la-mirada_3/hotel/los-angeles-ca-us.html?checkin=2019-12-25&los=1&adults=2&rooms=1&searchrequestid=8b5a7e10-ac3d-4a6d-9c91-5f4a2e9730c0&travellerType=1
88,2462637,Super 8 By Wyndham Los Angeles Downtown,144.45,7.4,570,https://agoda.com/super-8-by-wyndham-los-angeles-downtown/hotel/los-angeles-ca-us.html?checkin=2019-12-25&los=1&adults=2&rooms=1&searchrequestid=8b5a7e10-ac3d-4a6d-9c91-5f4a2e9730c0&travellerType=1&tspTypes=9
89,2453643,La Quinta Inn & Suites by Wyndham Anaheim,149.0,7.8,1604,https://agoda.com/la-quinta-inn-suites-anaheim_2/hotel/los-angeles-ca-us.html?checkin=2019-12-25&los=1&adults=2&rooms=1&searchrequestid=8b5a7e10-ac3d-4a6d-9c91-5f4a2e9730c0&travellerType=1
90,2463341,Extended Stay America Los Angeles-Glendale,123.49,6.9,206,https://agoda.com/extended-stay-america-los-angeles-glendale_3/hotel/los-angeles-ca-us.html?checkin=2019-12-25&los=1&adults=2&rooms=1&searchrequestid=8b5a7e10-ac3d-4a6d-9c91-5f4a2e9730c0&travellerType=1
91,6281177,Hollywood Inn Suites Hotel,143.1,8.5,2095,https://agoda.com/hollywood-inn-suites-hotel_2/hotel/los-angeles-ca-us.html?checkin=2019-12-25&los=1&adults=2&rooms=1&searchrequestid=8b5a7e10-ac3d-4a6d-9c91-5f4a2e9730c0&travellerType=1&tspTypes=1
92,433849,Super 8 By Wyndham Inglewood - LAX,76.5,7.0,856,https://agoda.com/super-8-by-wyndham-inglewood-lax/hotel/los-angeles-ca-us.html?checkin=2019-12-25&los=1&adults=2&rooms=1&searchrequestid=8b5a7e10-ac3d-4a6d-9c91-5f4a2e9730c0&travellerType=1
93,1657,Doubletree Hotel Los Angeles/Commerce,182.4,8.0,372,https://agoda.com/doubletree-hotel-los-angeles-commerce/hotel/los-angeles-ca-us.html?checkin=2019-12-25&los=1&adults=2&rooms=1&searchrequestid=8b5a7e10-ac3d-4a6d-9c91-5f4a2e9730c0&travellerType=1
94,501866,Ramada by Wyndham Pasadena,84.15,6.7,599,https://agoda.com/ramada-by-wyndham-pasadena/hotel/los-angeles-ca-us.html?checkin=2019-12-25&los=1&adults=2&rooms=1&searchrequestid=8b5a7e10-ac3d-4a6d-9c91-5f4a2e9730c0&travellerType=1&tspTypes=9
95,4983734,Los Angeles Inn & Suites LAX,68.4,5.7,503,https://agoda.com/los-angeles-inn-suites-lax/hotel/los-angeles-ca-us.html?checkin=2019-12-25&los=1&adults=2&rooms=1&searchrequestid=8b5a7e10-ac3d-4a6d-9c91-5f4a2e9730c0&travellerType=1
96,2457111,Extended Stay America Los Angeles-Arcadia,94.99,6.6,342,https://agoda.com/extended-stay-america-los-angeles-arcadia_3/hotel/los-angeles-ca-us.html?checkin=2019-12-25&los=1&adults=2&rooms=1&searchrequestid=fcce7f69-d6e6-484f-b6c3-f5248b896a8e&travellerType=1
97,75605,Best Western Airport Plaza Inn,114.99,7.4,804,https://agoda.com/best-western-airport-plaza-inn/hotel/los-angeles-ca-us.html?checkin=2019-12-25&los=1&adults=2&rooms=1&searchrequestid=fcce7f69-d6e6-484f-b6c3-f5248b896a8e&travellerType=1&tspTypes=9
98,4121662,Flamingo Inn Long Beach,70.0,6.5,101,https://agoda.com/flamingo-inn-long-beach/hotel/los-angeles-ca-us.html?checkin=2019-12-25&los=1&adults=2&rooms=1&searchrequestid=fcce7f69-d6e6-484f-b6c3-f5248b896a8e&travellerType=1&tspTypes=9
99,6950626,Tuscan Garden Inn,0.0,7.6,1908,https://agoda.com/tuscan-garden-inn/hotel/los-angeles-ca-us.html?checkin=2019-12-25&los=1&adults=2&rooms=1&searchrequestid=fcce7f69-d6e6-484f-b6c3-f5248b896a8e&travellerType=1
100,2454942,Howard Johnson Hotel & Suites by Wyndham Pico Rivera,75.0,7.7,258,https://agoda.com/howard-johnson-hotel-suites-by-wyndham-pico-rivera/hotel/los-angeles-ca-us.html?checkin=2019-12-25&los=1&adults=2&rooms=1&searchrequestid=fcce7f69-d6e6-484f-b6c3-f5248b896a8e&travellerType=1
101,2186102,Ramada by Wyndham Anaheim Maingate North,134.1,7.1,546,https://agoda.com/ramada-by-wyndham-anaheim-maingate-north/hotel/los-angeles-ca-us.html?checkin=2019-12-25&los=1&adults=2&rooms=1&searchrequestid=fcce7f69-d6e6-484f-b6c3-f5248b896a8e&travellerType=1
102,2460885,The LA Grand Hotel Downtown,168.0,8.3,517,https://agoda.com/the-la-grand-hotel-downtown/hotel/los-angeles-ca-us.html?checkin=2019-12-25&los=1&adults=2&rooms=1&searchrequestid=fcce7f69-d6e6-484f-b6c3-f5248b896a8e&travellerType=1&tspTypes=1
103,782896,Rotex Western Inn,97.6,7.2,661,https://agoda.com/rotex-western-inn/hotel/los-angeles-ca-us.html?checkin=2019-12-25&los=1&adults=2&rooms=1&searchrequestid=fcce7f69-d6e6-484f-b6c3-f5248b896a8e&travellerType=1
104,148069,Canoga Hotel at Warner Center,130.0,7.8,292,https://agoda.com/canoga-hotel-at-warner-center/hotel/los-angeles-ca-us.html?checkin=2019-12-25&los=1&adults=2&rooms=1&searchrequestid=fcce7f69-d6e6-484f-b6c3-f5248b896a8e&travellerType=1
105,147288,Bevonshire Lodge Motel,99.0,7.0,463,https://agoda.com/bevonshire-lodge-motel/hotel/los-angeles-ca-us.html?checkin=2019-12-25&los=1&adults=2&rooms=1&searchrequestid=fcce7f69-d6e6-484f-b6c3-f5248b896a8e&travellerType=1&tspTypes=9
106,2463818,Extended Stay America LAX-Airport,118.74,6.7,269,https://agoda.com/extended-stay-america-lax-airport/hotel/los-angeles-ca-us.html?checkin=2019-12-25&los=1&adults=2&rooms=1&searchrequestid=fcce7f69-d6e6-484f-b6c3-f5248b896a8e&travellerType=1
107,46089,Embassy Suites Los Angeles International Airport South Hotel,145.36,7.9,912,https://agoda.com/embassy-suites-los-angeles-international-airport-south-hotel/hotel/los-angeles-ca-us.html?checkin=2019-12-25&los=1&adults=2&rooms=1&searchrequestid=fcce7f69-d6e6-484f-b6c3-f5248b896a8e&travellerType=1
108,2108725,Aventura Hotel,130.9,8.4,1843,https://agoda.com/aventura-hotel/hotel/los-angeles-ca-us.html?checkin=2019-12-25&los=1&adults=2&rooms=1&searchrequestid=fcce7f69-d6e6-484f-b6c3-f5248b896a8e&travellerType=1&tspTypes=6
109,10191486,Luxurious Downtown LA 1-2 BD Suites,194.0,0.0,0,https://agoda.com/luxurious-downtown-la-1-2-bd-suites/hotel/los-angeles-ca-us.html?checkin=2019-12-25&los=1&adults=2&rooms=1&searchrequestid=fcce7f69-d6e6-484f-b6c3-f5248b896a8e&travellerType=1
110,253041,Super 8 By Wyndham Hollywood/La Area,101.15,7.0,840,https://agoda.com/super-8-by-wyndham-hollywood-la-area/hotel/los-angeles-ca-us.html?checkin=2019-12-25&los=1&adults=2&rooms=1&searchrequestid=fcce7f69-d6e6-484f-b6c3-f5248b896a8e&travellerType=1
111,93799,USC Hotel,152.1,8.5,2234,https://agoda.com/usc-hotel/hotel/los-angeles-ca-us.html?checkin=2019-12-25&los=1&adults=2&rooms=1&searchrequestid=fcce7f69-d6e6-484f-b6c3-f5248b896a8e&travellerType=1&tspTypes=1
112,170120,Hilton Los Angeles Universal City Hotel,205.44,8.5,2258,https://agoda.com/hilton-los-angeles-universal-city-hotel/hotel/los-angeles-ca-us.html?checkin=2019-12-25&los=1&adults=2&rooms=1&searchrequestid=fcce7f69-d6e6-484f-b6c3-f5248b896a8e&travellerType=1&tspTypes=2
113,94575,Holiday Inn Burbank-Media Center,131.0,8.2,256,https://agoda.com/holiday-inn-burbank-media-center/hotel/los-angeles-ca-us.html?checkin=2019-12-25&los=1&adults=2&rooms=1&searchrequestid=fcce7f69-d6e6-484f-b6c3-f5248b896a8e&travellerType=1&tspTypes=2
114,46439,Hotel Angeleno,201.0,7.9,1629,https://agoda.com/hotel-angeleno/hotel/los-angeles-ca-us.html?checkin=2019-12-25&los=1&adults=2&rooms=1&searchrequestid=fcce7f69-d6e6-484f-b6c3-f5248b896a8e&travellerType=1&tspTypes=9
115,43945,Clarion Hotel Anaheim Resort,129.95,7.4,592,https://agoda.com/clarion-hotel-anaheim-resort_2/hotel/los-angeles-ca-us.html?checkin=2019-12-25&los=1&adults=2&rooms=1&searchrequestid=fcce7f69-d6e6-484f-b6c3-f5248b896a8e&travellerType=1&tspTypes=3
116,2464283,Extended Stay America - Orange County-Anaheim Hills,85.49,6.5,438,https://agoda.com/extended-stay-america-anaheim-hills/hotel/los-angeles-ca-us.html?checkin=2019-12-25&los=1&adults=2&rooms=1&searchrequestid=5247248f-b1b0-4654-8980-409d97098b29&travellerType=1
117,106370,Geneva Motel,70.18,7.5,242,https://agoda.com/geneva-motel/hotel/los-angeles-ca-us.html?checkin=2019-12-25&los=1&adults=2&rooms=1&searchrequestid=5247248f-b1b0-4654-8980-409d97098b29&travellerType=1&tspTypes=1
118,1623639,Orange Drive Hostel,111.36,8.5,1138,https://agoda.com/orange-drive-hostel/hotel/los-angeles-ca-us.html?checkin=2019-12-25&los=1&adults=2&rooms=1&searchrequestid=5247248f-b1b0-4654-8980-409d97098b29&travellerType=1&tspTypes=6
119,9040525,H Place,0.0,7.8,52,https://agoda.com/h-place/hotel/all/los-angeles-ca-us.html?checkin=2019-12-25&los=1&adults=2&rooms=1&searchrequestid=5247248f-b1b0-4654-8980-409d97098b29&travellerType=1
120,100331,Days Inn & Suites by Wyndham Artesia,72.25,7.8,336,https://agoda.com/days-inn-suites-by-wyndham-artesia/hotel/los-angeles-ca-us.html?checkin=2019-12-25&los=1&adults=2&rooms=1&searchrequestid=5247248f-b1b0-4654-8980-409d97098b29&travellerType=1&tspTypes=9
121,1530035,Travelodge by Wyndham Anaheim Convention Center,118.15,6.3,778,https://agoda.com/travelodge-by-wyndham-anaheim-convention-center/hotel/los-angeles-ca-us.html?checkin=2019-12-25&los=1&adults=2&rooms=1&searchrequestid=5247248f-b1b0-4654-8980-409d97098b29&travellerType=1
122,169838,Doubletree Hotel Monrovia Pasadena Area,123.84,8.6,275,https://agoda.com/doubletree-hotel-monrovia-pasadena-area/hotel/los-angeles-ca-us.html?checkin=2019-12-25&los=1&adults=2&rooms=1&searchrequestid=5247248f-b1b0-4654-8980-409d97098b29&travellerType=1&tspTypes=1
123,2456567,Extended Stay America Torrance Harborgate Way,94.99,6.9,183,https://agoda.com/extended-stay-america-torrance-harborgate-way/hotel/los-angeles-ca-us.html?checkin=2019-12-25&los=1&adults=2&rooms=1&searchrequestid=5247248f-b1b0-4654-8980-409d97098b29&travellerType=1
124,208718,Oxford Palace Hotel,123.0,7.2,333,https://agoda.com/oxford-palace-hotel/hotel/los-angeles-ca-us.html?checkin=2019-12-25&los=1&adults=2&rooms=1&searchrequestid=5247248f-b1b0-4654-8980-409d97098b29&travellerType=1
125,45708,Anaheim Majestic Garden Hotel,184.0,8.3,4119,https://agoda.com/anaheim-majestic-garden-hotel_3/hotel/los-angeles-ca-us.html?checkin=2019-12-25&los=1&adults=2&rooms=1&searchrequestid=5247248f-b1b0-4654-8980-409d97098b29&travellerType=1&tspTypes=1
126,83809,Ramada Limited Redondo Beach,112.45,7.1,578,https://agoda.com/ramada-limited-redondo-beach/hotel/los-angeles-ca-us.html?checkin=2019-12-25&los=1&adults=2&rooms=1&searchrequestid=5247248f-b1b0-4654-8980-409d97098b29&travellerType=1
127,94412,Rodeway Inn Convention Center,127.0,7.2,335,https://agoda.com/rodeway-inn-convention-center_3/hotel/los-angeles-ca-us.html?checkin=2019-12-25&los=1&adults=2&rooms=1&searchrequestid=5247248f-b1b0-4654-8980-409d97098b29&travellerType=1
128,214830,Mission Motel,75.0,7.5,612,https://agoda.com/mission-motel/hotel/los-angeles-ca-us.html?checkin=2019-12-25&los=1&adults=2&rooms=1&searchrequestid=5247248f-b1b0-4654-8980-409d97098b29&travellerType=1&tspTypes=9
129,1565162,Park Motel,0.0,6.8,35,https://agoda.com/park-motel_3/hotel/all/los-angeles-ca-us.html?checkin=2019-12-25&los=1&adults=2&rooms=1&searchrequestid=5247248f-b1b0-4654-8980-409d97098b29&travellerType=1
130,80373,Hilton Woodland Hills Hotel,181.44,8.5,705,https://agoda.com/hilton-woodland-hills-hotel/hotel/los-angeles-ca-us.html?checkin=2019-12-25&los=1&adults=2&rooms=1&searchrequestid=5247248f-b1b0-4654-8980-409d97098b29&travellerType=1&tspTypes=4
131,7128627,Hotel Saddleback,68.29,7.6,23,https://agoda.com/hotel-saddleback/hotel/los-angeles-ca-us.html?checkin=2019-12-25&los=1&adults=2&rooms=1&searchrequestid=5247248f-b1b0-4654-8980-409d97098b29&travellerType=1&tspTypes=3
132,108432,Cadillac Hotel,119.0,6.4,707,https://agoda.com/cadillac-hotel/hotel/los-angeles-ca-us.html?checkin=2019-12-25&los=1&adults=2&rooms=1&searchrequestid=5247248f-b1b0-4654-8980-409d97098b29&travellerType=1&tspTypes=2
133,248813,Hollywood VIP Hotel,109.0,5.9,907,https://agoda.com/hollywood-vip-hotel/hotel/los-angeles-ca-us.html?checkin=2019-12-25&los=1&adults=2&rooms=1&searchrequestid=5247248f-b1b0-4654-8980-409d97098b29&travellerType=1&tspTypes=2
134,2458528,SureStay Hotel by Best Western Santa Monica,169.0,8.1,1137,https://agoda.com/surestay-hotel-by-best-western-santa-monica/hotel/los-angeles-ca-us.html?checkin=2019-12-25&los=1&adults=2&rooms=1&searchrequestid=5247248f-b1b0-4654-8980-409d97098b29&travellerType=1&tspTypes=9
135,1061101,Holiday Lodge,80.0,6.9,433,https://agoda.com/holiday-lodge/hotel/los-angeles-ca-us.html?checkin=2019-12-25&los=1&adults=2&rooms=1&searchrequestid=5247248f-b1b0-4654-8980-409d97098b29&travellerType=1&tspTypes=9
136,2458250,"Knights Inn - Woodland Hills, CA",103.03,8.0,254,https://agoda.com/knights-inn-woodland-hills-ca/hotel/los-angeles-ca-us.html?checkin=2019-12-25&los=1&adults=2&rooms=1&searchrequestid=5fdfaa45-8c12-4ed2-94a6-c2371e022cff&travellerType=1
137,2532267,Best Western Plus Commerce Hotel,106.24,8.2,1089,https://agoda.com/best-western-plus-commerce-hotel/hotel/los-angeles-ca-us.html?checkin=2019-12-25&los=1&adults=2&rooms=1&searchrequestid=5fdfaa45-8c12-4ed2-94a6-c2371e022cff&travellerType=1
138,1656309,PodShare DTLA,64.0,7.7,784,https://agoda.com/podshare-dtla/hotel/los-angeles-ca-us.html?checkin=2019-12-25&los=1&adults=2&rooms=1&searchrequestid=5fdfaa45-8c12-4ed2-94a6-c2371e022cff&travellerType=1&tspTypes=9
139,6874736,Hollywood Shine,0.0,7.2,204,https://agoda.com/hollywood-shine/hotel/all/los-angeles-ca-us.html?checkin=2019-12-25&los=1&adults=2&rooms=1&searchrequestid=5fdfaa45-8c12-4ed2-94a6-c2371e022cff&travellerType=1
140,2459341,Travelodge by Wyndham Commerce Los Angeles Area,79.9,7.0,389,https://agoda.com/travelodge-by-wyndham-commerce-los-angeles-area/hotel/los-angeles-ca-us.html?checkin=2019-12-25&los=1&adults=2&rooms=1&searchrequestid=5fdfaa45-8c12-4ed2-94a6-c2371e022cff&travellerType=1
141,169625,Comfort Inn Cockatoo Near LAX Airport,101.15,8.3,850,https://agoda.com/comfort-inn-cockatoo-near-lax-airport/hotel/los-angeles-ca-us.html?checkin=2019-12-25&los=1&adults=2&rooms=1&searchrequestid=5fdfaa45-8c12-4ed2-94a6-c2371e022cff&travellerType=1&tspTypes=1
142,538406,Highland Gardens Hotel,189.0,7.3,335,https://agoda.com/highland-gardens-hotel/hotel/los-angeles-ca-us.html?checkin=2019-12-25&los=1&adults=2&rooms=1&searchrequestid=5fdfaa45-8c12-4ed2-94a6-c2371e022cff&travellerType=1&tspTypes=2
143,2060021,Ramada Plaza by Wyndham West Hollywood Hotel & Suites,152.15,7.5,1485,https://agoda.com/ramada-plaza-by-wyndham-west-hollywood-hotel-suites/hotel/los-angeles-ca-us.html?checkin=2019-12-25&los=1&adults=2&rooms=1&searchrequestid=5fdfaa45-8c12-4ed2-94a6-c2371e022cff&travellerType=1&tspTypes=2
144,2448908,Ellison Suites,279.0,7.0,1925,https://agoda.com/ellison-suites_2/hotel/los-angeles-ca-us.html?checkin=2019-12-25&los=1&adults=2&rooms=1&searchrequestid=5fdfaa45-8c12-4ed2-94a6-c2371e022cff&travellerType=1
145,93823,The Westin Bonaventure Hotel and Suites,179.0,8.4,918,https://agoda.com/the-westin-bonaventure-hotel-and-suites/hotel/los-angeles-ca-us.html?checkin=2019-12-25&los=1&adults=2&rooms=1&searchrequestid=5fdfaa45-8c12-4ed2-94a6-c2371e022cff&travellerType=1&tspTypes=4
146,2178267,Cambria Hotel LAX,122.55,8.7,1213,https://agoda.com/cambria-hotel-lax/hotel/los-angeles-ca-us.html?checkin=2019-12-25&los=1&adults=2&rooms=1&searchrequestid=5fdfaa45-8c12-4ed2-94a6-c2371e022cff&travellerType=1&tspTypes=3
147,203515,Comfort Inn Santa Monica - West Los Angeles,135.15,7.8,972,https://agoda.com/comfort-inn-santa-monica-west-los-angeles/hotel/los-angeles-ca-us.html?checkin=2019-12-25&los=1&adults=2&rooms=1&searchrequestid=5fdfaa45-8c12-4ed2-94a6-c2371e022cff&travellerType=1&tspTypes=1
148,175101,Hollywood Inn Express North,110.0,7.3,1396,https://agoda.com/hollywood-inn-express-north/hotel/los-angeles-ca-us.html?checkin=2019-12-25&los=1&adults=2&rooms=1&searchrequestid=5fdfaa45-8c12-4ed2-94a6-c2371e022cff&travellerType=1&tspTypes=9
149,2452630,SpringHill Suites at Anaheim Resort/Convention Center,256.0,8.8,609,https://agoda.com/springhill-suites-at-anaheim-resort-convention-center_4/hotel/los-angeles-ca-us.html?checkin=2019-12-25&los=1&adults=2&rooms=1&searchrequestid=5fdfaa45-8c12-4ed2-94a6-c2371e022cff&travellerType=1
150,209580,Redondo Pier Inn,109.0,7.1,584,https://agoda.com/redondo-pier-inn/hotel/los-angeles-ca-us.html?checkin=2019-12-25&los=1&adults=2&rooms=1&searchrequestid=5fdfaa45-8c12-4ed2-94a6-c2371e022cff&travellerType=1&tspTypes=9
151,929069,Moonlite Inn,85.0,7.2,205,https://agoda.com/moonlite-inn/hotel/los-angeles-ca-us.html?checkin=2019-12-25&los=1&adults=2&rooms=1&searchrequestid=5fdfaa45-8c12-4ed2-94a6-c2371e022cff&travellerType=1
152,148251,Rodeway Inn Near LA Live,65.51,5.6,485,https://agoda.com/rodeway-inn-near-la-live/hotel/los-angeles-ca-us.html?checkin=2019-12-25&los=1&adults=2&rooms=1&searchrequestid=5fdfaa45-8c12-4ed2-94a6-c2371e022cff&travellerType=1&tspTypes=9
153,79531,Hilton Garden Inn LAX - El Segundo Hotel,114.75,8.1,393,https://agoda.com/hilton-garden-inn-lax-el-segundo-hotel/hotel/los-angeles-ca-us.html?checkin=2019-12-25&los=1&adults=2&rooms=1&searchrequestid=5fdfaa45-8c12-4ed2-94a6-c2371e022cff&travellerType=1&tspTypes=6
154,2532277,Ramada by Wyndham Hawthorne/LAX,93.49,5.9,306,https://agoda.com/ramada-by-wyndham-hawthorne-lax/hotel/los-angeles-ca-us.html?checkin=2019-12-25&los=1&adults=2&rooms=1&searchrequestid=5fdfaa45-8c12-4ed2-94a6-c2371e022cff&travellerType=1
155,184142,JJ Grand Hotel,165.0,6.9,610,https://agoda.com/jj-grand-hotel/hotel/los-angeles-ca-us.html?checkin=2019-12-25&los=1&adults=2&rooms=1&searchrequestid=5fdfaa45-8c12-4ed2-94a6-c2371e022cff&travellerType=1
156,94939,Best Western Airpark Hotel,101.99,7.9,803,https://agoda.com/best-western-airpark-hotel/hotel/los-angeles-ca-us.html?checkin=2019-12-25&los=1&adults=2&rooms=1&searchrequestid=f1af07f6-94b0-4250-a658-fc7836a1ad31&travellerType=1&tspTypes=6
157,97852,Beverly Hills Plaza Hotel and Spa,247.5,8.3,916,https://agoda.com/beverly-hills-plaza-hotel-and-spa/hotel/los-angeles-ca-us.html?checkin=2019-12-25&los=1&adults=2&rooms=1&searchrequestid=f1af07f6-94b0-4250-a658-fc7836a1ad31&travellerType=1&tspTypes=9
158,772422,Bokai Garden Hotel,85.5,5.5,353,https://agoda.com/bokai-garden-hotel/hotel/los-angeles-ca-us.html?checkin=2019-12-25&los=1&adults=2&rooms=1&searchrequestid=f1af07f6-94b0-4250-a658-fc7836a1ad31&travellerType=1
159,10913846,EC Motel,0.0,6.9,365,https://agoda.com/ec-motel-h10913846/hotel/los-angeles-ca-us.html?checkin=2019-12-25&los=1&adults=2&rooms=1&searchrequestid=f1af07f6-94b0-4250-a658-fc7836a1ad31&travellerType=1
160,850319,Hotel Figueroa,167.2,8.8,1214,https://agoda.com/hotel-figueroa/hotel/los-angeles-ca-us.html?checkin=2019-12-25&los=1&adults=2&rooms=1&searchrequestid=f1af07f6-94b0-4250-a658-fc7836a1ad31&travellerType=1&tspTypes=1
161,7419,Hilton Anaheim Hotel,179.0,8.0,3954,https://agoda.com/hilton-anaheim-hotel/hotel/los-angeles-ca-us.html?checkin=2019-12-25&los=1&adults=2&rooms=1&searchrequestid=f1af07f6-94b0-4250-a658-fc7836a1ad31&travellerType=1&tspTypes=2
162,6950362,Motel 6 Anaheim Maingate,135.99,7.5,1873,https://agoda.com/motel-6-anaheim-maingate/hotel/los-angeles-ca-us.html?checkin=2019-12-25&los=1&adults=2&rooms=1&searchrequestid=f1af07f6-94b0-4250-a658-fc7836a1ad31&travellerType=1
163,207698,Knights Inn,109.0,7.7,1238,https://agoda.com/knights-inn-los-angeles-ca_6/hotel/los-angeles-ca-us.html?checkin=2019-12-25&los=1&adults=2&rooms=1&searchrequestid=f1af07f6-94b0-4250-a658-fc7836a1ad31&travellerType=1
164,101488,The Dixie Orange County,85.0,6.8,548,https://agoda.com/the-dixie-orange-county/hotel/los-angeles-ca-us.html?checkin=2019-12-25&los=1&adults=2&rooms=1&searchrequestid=f1af07f6-94b0-4250-a658-fc7836a1ad31&travellerType=1
165,2118068,The Garland,239.0,8.5,724,https://agoda.com/the-garland_2/hotel/los-angeles-ca-us.html?checkin=2019-12-25&los=1&adults=2&rooms=1&searchrequestid=f1af07f6-94b0-4250-a658-fc7836a1ad31&travellerType=1&tspTypes=1
166,1195536,Candlewood Suites Anaheim - Resort Area,140.0,8.5,466,https://agoda.com/candlewood-suites-anaheim-resort-area/hotel/los-angeles-ca-us.html?checkin=2019-12-25&los=1&adults=2&rooms=1&searchrequestid=f1af07f6-94b0-4250-a658-fc7836a1ad31&travellerType=1&tspTypes=3
167,62976,Motel 6 Garden Grove,79.99,6.0,159,https://agoda.com/motel-6-garden-grove/hotel/los-angeles-ca-us.html?checkin=2019-12-25&los=1&adults=2&rooms=1&searchrequestid=f1af07f6-94b0-4250-a658-fc7836a1ad31&travellerType=1
168,1145058,Garvey Inn,114.0,7.6,283,https://agoda.com/garvey-inn/hotel/los-angeles-ca-us.html?checkin=2019-12-25&los=1&adults=2&rooms=1&searchrequestid=f1af07f6-94b0-4250-a658-fc7836a1ad31&travellerType=1
169,1591357,Desert Heaven - Guest House,102.0,9.8,160,https://agoda.com/desert-heaven-guest-house/hotel/all/los-angeles-ca-us.html?checkin=2019-12-25&los=1&adults=2&rooms=1&searchrequestid=f1af07f6-94b0-4250-a658-fc7836a1ad31&travellerType=1
170,407082,Hilton Glendale Hotel,159.0,7.8,493,https://agoda.com/hilton-glendale-hotel/hotel/los-angeles-ca-us.html?checkin=2019-12-25&los=1&adults=2&rooms=1&searchrequestid=f1af07f6-94b0-4250-a658-fc7836a1ad31&travellerType=1&tspTypes=9
171,95640,Ayres Hotel Anaheim,159.0,9.0,1015,https://agoda.com/ayres-hotel-anaheim/hotel/los-angeles-ca-us.html?checkin=2019-12-25&los=1&adults=2&rooms=1&searchrequestid=f1af07f6-94b0-4250-a658-fc7836a1ad31&travellerType=1&tspTypes=1
172,214610,Howard Johnson Hotel & Suites by Wyndham Reseda,101.15,7.9,476,https://agoda.com/howard-johnson-hotel-suites-by-wyndham-reseda/hotel/los-angeles-ca-us.html?checkin=2019-12-25&los=1&adults=2&rooms=1&searchrequestid=f1af07f6-94b0-4250-a658-fc7836a1ad31&travellerType=1
173,4145814,Holiday Inn El Monte - Los Angeles,103.2,8.4,198,https://agoda.com/holiday-inn-el-monte-los-angeles/hotel/los-angeles-ca-us.html?checkin=2019-12-25&los=1&adults=2&rooms=1&searchrequestid=f1af07f6-94b0-4250-a658-fc7836a1ad31&travellerType=1
174,9827556,Glendale Express Hotel,92.65,7.2,948,https://agoda.com/days-inn-glendale_8/hotel/los-angeles-ca-us.html?checkin=2019-12-25&los=1&adults=2&rooms=1&searchrequestid=f1af07f6-94b0-4250-a658-fc7836a1ad31&travellerType=1&tspTypes=9
175,4454085,HYATT PLACE GLENDALE/LOS ANGELES,152.1,8.7,171,https://agoda.com/hyatt-place-glendale-los-angeles_3/hotel/los-angeles-ca-us.html?checkin=2019-12-25&los=1&adults=2&rooms=1&searchrequestid=f1af07f6-94b0-4250-a658-fc7836a1ad31&travellerType=1
176,245971,Americas Best Value Inn Los Angeles at W 7th St,90.4,7.0,498,https://agoda.com/americas-best-value-inn-los-angeles-at-w-7th-st/hotel/los-angeles-ca-us.html?checkin=2019-12-25&los=1&adults=2&rooms=1&searchrequestid=d1407502-91c0-4d74-befe-d072e4d747cd&travellerType=1
177,45695,Comfort Inn Anaheim Resort,152.15,8.6,721,https://agoda.com/comfort-inn-anaheim-resort/hotel/los-angeles-ca-us.html?checkin=2019-12-25&los=1&adults=2&rooms=1&searchrequestid=d1407502-91c0-4d74-befe-d072e4d747cd&travellerType=1&tspTypes=1
178,80289,Hilton Garden Inn Los Angeles Montebello,136.4,8.2,297,https://agoda.com/hilton-garden-inn-los-angeles-montebello/hotel/los-angeles-ca-us.html?checkin=2019-12-25&los=1&adults=2&rooms=1&searchrequestid=d1407502-91c0-4d74-befe-d072e4d747cd&travellerType=1
179,2461641,Days Inn by Wyndham Anaheim West,94.0,7.0,397,https://agoda.com/days-inn-by-wyndham-anaheim-west/hotel/los-angeles-ca-us.html?checkin=2019-12-25&los=1&adults=2&rooms=1&searchrequestid=d1407502-91c0-4d74-befe-d072e4d747cd&travellerType=1
180,94934,Best Western Norwalk Inn,101.15,8.4,447,https://agoda.com/best-western-norwalk-inn/hotel/los-angeles-ca-us.html?checkin=2019-12-25&los=1&adults=2&rooms=1&searchrequestid=d1407502-91c0-4d74-befe-d072e4d747cd&travellerType=1&tspTypes=6
181,732916,Tropicana Motel,72.0,5.9,136,https://agoda.com/tropicana-motel/hotel/los-angeles-ca-us.html?checkin=2019-12-25&los=1&adults=2&rooms=1&searchrequestid=d1407502-91c0-4d74-befe-d072e4d747cd&travellerType=1&tspTypes=9
182,147862,Le Parc Suites Hotel,229.0,8.5,475,https://agoda.com/le-parc-suites-hotel/hotel/los-angeles-ca-us.html?checkin=2019-12-25&los=1&adults=2&rooms=1&searchrequestid=d1407502-91c0-4d74-befe-d072e4d747cd&travellerType=1&tspTypes=4
183,2456210,Extended Stay America Los Angeles Monrovia,109.24,7.0,299,https://agoda.com/extended-stay-america-los-angeles-monrovia_2/hotel/los-angeles-ca-us.html?checkin=2019-12-25&los=1&adults=2&rooms=1&searchrequestid=d1407502-91c0-4d74-befe-d072e4d747cd&travellerType=1
184,75737,Super 8 By Wyndham Anaheim - Disneyland Drive,109.65,8.0,1676,https://agoda.com/super-8-by-wyndham-anaheim-disneyland-drive/hotel/los-angeles-ca-us.html?checkin=2019-12-25&los=1&adults=2&rooms=1&searchrequestid=d1407502-91c0-4d74-befe-d072e4d747cd&travellerType=1&tspTypes=2
185,62988,Quality Inn and Suites Hermosa Beach,160.65,8.2,524,https://agoda.com/quality-inn-and-suites-hermosa-beach/hotel/los-angeles-ca-us.html?checkin=2019-12-25&los=1&adults=2&rooms=1&searchrequestid=d1407502-91c0-4d74-befe-d072e4d747cd&travellerType=1
186,93518,Holiday Inn Torrance,117.0,8.3,184,https://agoda.com/holiday-inn-torrance/hotel/los-angeles-ca-us.html?checkin=2019-12-25&los=1&adults=2&rooms=1&searchrequestid=d1407502-91c0-4d74-befe-d072e4d747cd&travellerType=1
187,147302,Good Nite Inn West Los Angeles,116.1,7.4,459,https://agoda.com/good-nite-inn-west-los-angeles_2/hotel/los-angeles-ca-us.html?checkin=2019-12-25&los=1&adults=2&rooms=1&searchrequestid=d1407502-91c0-4d74-befe-d072e4d747cd&travellerType=1
188,146669,Hotel Pepper Tree Boutique Kitchen Studios Anaheim,179.0,8.5,1235,https://agoda.com/hotel-pepper-tree-boutique-kitchen-studios-anaheim/hotel/los-angeles-ca-us.html?checkin=2019-12-25&los=1&adults=2&rooms=1&searchrequestid=d1407502-91c0-4d74-befe-d072e4d747cd&travellerType=1&tspTypes=1
189,348084,Wilshire Orange Hotel,63.0,5.1,23,https://agoda.com/wilshire-orange-hotel/hotel/los-angeles-ca-us.html?checkin=2019-12-25&los=1&adults=2&rooms=1&searchrequestid=d1407502-91c0-4d74-befe-d072e4d747cd&travellerType=1
190,2458599,Travelodge by Wyndham Hollywood-Vermont/Sunset,94.5,7.2,1663,https://agoda.com/travelodge-by-wyndham-hollywood-vermont-sunset/hotel/los-angeles-ca-us.html?checkin=2019-12-25&los=1&adults=2&rooms=1&searchrequestid=d1407502-91c0-4d74-befe-d072e4d747cd&travellerType=1
191,4917002,Starlite Motel,85.0,6.6,33,https://agoda.com/starlite-motel_2/hotel/los-angeles-ca-us.html?checkin=2019-12-25&los=1&adults=2&rooms=1&searchrequestid=d1407502-91c0-4d74-befe-d072e4d747cd&travellerType=1
192,6950360,Motel 6 Stanton,74.99,7.2,856,https://agoda.com/motel-6-stanton/hotel/los-angeles-ca-us.html?checkin=2019-12-25&los=1&adults=2&rooms=1&searchrequestid=d1407502-91c0-4d74-befe-d072e4d747cd&travellerType=1
193,95664,Holiday Inn Anaheim Resort Area,148.0,8.7,1248,https://agoda.com/holiday-inn-anaheim-resort-area/hotel/los-angeles-ca-us.html?checkin=2019-12-25&los=1&adults=2&rooms=1&searchrequestid=d1407502-91c0-4d74-befe-d072e4d747cd&travellerType=1&tspTypes=3
194,45686,Sheraton Park Hotel at the Anaheim Resort,179.0,8.1,1305,https://agoda.com/sheraton-park-hotel-at-the-anaheim-resort/hotel/los-angeles-ca-us.html?checkin=2019-12-25&los=1&adults=2&rooms=1&searchrequestid=d1407502-91c0-4d74-befe-d072e4d747cd&travellerType=1&tspTypes=2
195,3575,Kawada Hotel,123.0,7.6,1268,https://agoda.com/kawada-hotel/hotel/los-angeles-ca-us.html?checkin=2019-12-25&los=1&adults=2&rooms=1&searchrequestid=d1407502-91c0-4d74-befe-d072e4d747cd&travellerType=1&tspTypes=9
196,2279921,Anaheim Portofino Inn & Suites,217.55,7.9,1508,https://agoda.com/anaheim-portofino-inn-suites/hotel/los-angeles-ca-us.html?checkin=2019-12-25&los=1&adults=2&rooms=1&searchrequestid=e4b1543e-d382-4524-9804-ec4ce3c6d5bf&travellerType=1&tspTypes=2
197,1637951,Desert Palms Hotel & Suites,249.75,8.7,782,https://agoda.com/desert-palms-hotel-suites/hotel/los-angeles-ca-us.html?checkin=2019-12-25&los=1&adults=2&rooms=1&searchrequestid=e4b1543e-d382-4524-9804-ec4ce3c6d5bf&travellerType=1&tspTypes=1
198,83853,Travelodge by Wyndham Artesia                                         ,97.75,5.6,90,https://agoda.com/quality-inn-suites-artesia/hotel/los-angeles-ca-us.html?checkin=2019-12-25&los=1&adults=2&rooms=1&searchrequestid=e4b1543e-d382-4524-9804-ec4ce3c6d5bf&travellerType=1
199,2462063,Residence Inn Los Angeles L.A. LIVE,182.0,8.7,202,https://agoda.com/residence-inn-los-angeles-l-a-live_7/hotel/los-angeles-ca-us.html?checkin=2019-12-25&los=1&adults=2&rooms=1&searchrequestid=e4b1543e-d382-4524-9804-ec4ce3c6d5bf&travellerType=1
200,94946,Best Western Plus Raffles Inn and Suites,219.49,8.4,1369,https://agoda.com/best-western-plus-raffles-inn-and-suites/hotel/los-angeles-ca-us.html?checkin=2019-12-25&los=1&adults=2&rooms=1&searchrequestid=e4b1543e-d382-4524-9804-ec4ce3c6d5bf&travellerType=1&tspTypes=1
201,2451163,"The Portofino Hotel & Marina, a Noble House Hotel",209.0,8.2,812,https://agoda.com/the-portofino-hotel-marina-a-noble-house-hotel_2/hotel/los-angeles-ca-us.html?checkin=2019-12-25&los=1&adults=2&rooms=1&searchrequestid=e4b1543e-d382-4524-9804-ec4ce3c6d5bf&travellerType=1&tspTypes=4
202,92592,Super 8 By Wyndham Torrance Lax Airport Area,75.99,7.2,379,https://agoda.com/super-8-by-wyndham-torrance-lax-airport-area/hotel/los-angeles-ca-us.html?checkin=2019-12-25&los=1&adults=2&rooms=1&searchrequestid=e4b1543e-d382-4524-9804-ec4ce3c6d5bf&travellerType=1
203,564805,Seahorse Inn,95.0,8.2,971,https://agoda.com/seahorse-inn/hotel/los-angeles-ca-us.html?checkin=2019-12-25&los=1&adults=2&rooms=1&searchrequestid=e4b1543e-d382-4524-9804-ec4ce3c6d5bf&travellerType=1&tspTypes=6
204,8608075,Trend Hotel at LAX Airport,103.55,8.8,104,https://agoda.com/trend-hotel-at-lax-airport/hotel/all/los-angeles-ca-us.html?checkin=2019-12-25&los=1&adults=2&rooms=1&searchrequestid=e4b1543e-d382-4524-9804-ec4ce3c6d5bf&travellerType=1&tspTypes=9
205,2465815,Days Inn & Suites by Wyndham Anaheim At Disneyland Park,148.0,8.1,857,https://agoda.com/days-inn-suites-by-wyndham-anaheim-at-disneyland-park/hotel/los-angeles-ca-us.html?checkin=2019-12-25&los=1&adults=2&rooms=1&searchrequestid=e4b1543e-d382-4524-9804-ec4ce3c6d5bf&travellerType=1
206,246175,Super 8 By Wyndham Los Angeles-Culver City Area,127.49,8.3,922,https://agoda.com/super-8-by-wyndham-los-angeles-culver-city-area/hotel/los-angeles-ca-us.html?checkin=2019-12-25&los=1&adults=2&rooms=1&searchrequestid=e4b1543e-d382-4524-9804-ec4ce3c6d5bf&travellerType=1
207,994021,Walk Of Fame Hostel,135.0,8.3,4330,https://agoda.com/walk-of-fame-hostel/hotel/los-angeles-ca-us.html?checkin=2019-12-25&los=1&adults=2&rooms=1&searchrequestid=e4b1543e-d382-4524-9804-ec4ce3c6d5bf&travellerType=1&tspTypes=1
208,446487,"Tilt Hotel Universal/Hollywood, an Ascend Hotel Collection Member",168.8,7.9,939,https://agoda.com/tilt-hotel-universal-hollywood-an-ascend-hotel-collection-member/hotel/los-angeles-ca-us.html?checkin=2019-12-25&los=1&adults=2&rooms=1&searchrequestid=e4b1543e-d382-4524-9804-ec4ce3c6d5bf&travellerType=1
209,4643403,New Star Inn,0.0,6.3,36,https://agoda.com/new-star-inn/hotel/all/los-angeles-ca-us.html?checkin=2019-12-25&los=1&adults=2&rooms=1&searchrequestid=e4b1543e-d382-4524-9804-ec4ce3c6d5bf&travellerType=1
210,365951,Horizon Inn Motel,70.99,7.3,39,https://agoda.com/horizon-inn-motel/hotel/los-angeles-ca-us.html?checkin=2019-12-25&los=1&adults=2&rooms=1&searchrequestid=e4b1543e-d382-4524-9804-ec4ce3c6d5bf&travellerType=1
211,246101,Motel 6 Los Angeles - Rosemead,65.99,7.7,308,https://agoda.com/motel-6-los-angeles-rosemead/hotel/los-angeles-ca-us.html?checkin=2019-12-25&los=1&adults=2&rooms=1&searchrequestid=e4b1543e-d382-4524-9804-ec4ce3c6d5bf&travellerType=1&tspTypes=9
212,2453575,Tower Motel Long Beach,82.8,6.6,126,https://agoda.com/tower-motel-long-beach_2/hotel/los-angeles-ca-us.html?checkin=2019-12-25&los=1&adults=2&rooms=1&searchrequestid=e4b1543e-d382-4524-9804-ec4ce3c6d5bf&travellerType=1
213,346288,Touristlodge,75.0,7.3,412,https://agoda.com/touristlodge/hotel/los-angeles-ca-us.html?checkin=2019-12-25&los=1&adults=2&rooms=1&searchrequestid=e4b1543e-d382-4524-9804-ec4ce3c6d5bf&travellerType=1
214,148570,Nite Inn at Universal City,134.0,7.6,997,https://agoda.com/nite-inn-at-universal-city/hotel/los-angeles-ca-us.html?checkin=2019-12-25&los=1&adults=2&rooms=1&searchrequestid=e4b1543e-d382-4524-9804-ec4ce3c6d5bf&travellerType=1&tspTypes=2
215,2314828,Best Western Plus Manhattan Beach Hotel,138.33,8.7,461,https://agoda.com/best-western-plus-manhattan-beach-hotel_2/hotel/los-angeles-ca-us.html?checkin=2019-12-25&los=1&adults=2&rooms=1&searchrequestid=e4b1543e-d382-4524-9804-ec4ce3c6d5bf&travellerType=1&tspTypes=3
216,147292,L.A. Sky Boutique Hotel,169.4,7.1,84,https://agoda.com/l-a-sky-boutique-hotel/hotel/los-angeles-ca-us.html?checkin=2019-12-25&los=1&adults=2&rooms=1&searchrequestid=cd873693-fc01-4e55-8798-e90aed082398&travellerType=1
217,97981,Americas Best Value Inn & Suites Anaheim Convention Center,143.2,7.3,194,https://agoda.com/americas-best-value-inn-suites-anaheim-convention-center/hotel/los-angeles-ca-us.html?checkin=2019-12-25&los=1&adults=2&rooms=1&searchrequestid=cd873693-fc01-4e55-8798-e90aed082398&travellerType=1
218,79260,Wingate by Wyndham Los Angeles International Airport LAX,89.99,7.7,2541,https://agoda.com/wingate-by-wyndham-los-angeles-international-airport-lax/hotel/los-angeles-ca-us.html?checkin=2019-12-25&los=1&adults=2&rooms=1&searchrequestid=cd873693-fc01-4e55-8798-e90aed082398&travellerType=1&tspTypes=3
219,6950116,Cloverfield Apartments near Pier,0.0,6.9,120,https://agoda.com/cloverfield-apartments-near-pier_2/hotel/los-angeles-ca-us.html?checkin=2019-12-25&los=1&adults=2&rooms=1&searchrequestid=cd873693-fc01-4e55-8798-e90aed082398&travellerType=1
220,372401,Americas Best Value Inn & Suites El Monte Los Angeles,80.0,7.6,228,https://agoda.com/americas-best-value-inn-suites-el-monte-los-angeles/hotel/los-angeles-ca-us.html?checkin=2019-12-25&los=1&adults=2&rooms=1&searchrequestid=cd873693-fc01-4e55-8798-e90aed082398&travellerType=1
221,2551565,Great Wolf Lodge - Anaheim Ca,251.99,8.6,640,https://agoda.com/great-wolf-lodge-anaheim-ca/hotel/los-angeles-ca-us.html?checkin=2019-12-25&los=1&adults=2&rooms=1&searchrequestid=cd873693-fc01-4e55-8798-e90aed082398&travellerType=1&tspTypes=2
222,1187852,Best Western Plus Gardena Inn & Suites,159.99,8.8,663,https://agoda.com/best-western-plus-gardena-inn-suites/hotel/los-angeles-ca-us.html?checkin=2019-12-25&los=1&adults=2&rooms=1&searchrequestid=cd873693-fc01-4e55-8798-e90aed082398&travellerType=1&tspTypes=1
223,10914098,Empire Inn,63.0,7.1,900,https://agoda.com/empire-inn/hotel/los-angeles-ca-us.html?checkin=2019-12-25&los=1&adults=2&rooms=1&searchrequestid=cd873693-fc01-4e55-8798-e90aed082398&travellerType=1
224,2456251,La Quinta Inn & Suites by Wyndham Buena Park,116.1,8.2,696,https://agoda.com/la-quinta-inn-suites-buena-park_2/hotel/los-angeles-ca-us.html?checkin=2019-12-25&los=1&adults=2&rooms=1&searchrequestid=cd873693-fc01-4e55-8798-e90aed082398&travellerType=1
225,360943,Lincoln Motel,85.5,6.0,298,https://agoda.com/lincoln-motel/hotel/los-angeles-ca-us.html?checkin=2019-12-25&los=1&adults=2&rooms=1&searchrequestid=cd873693-fc01-4e55-8798-e90aed082398&travellerType=1&tspTypes=9
226,499057,Rainbow Inn,86.09,5.9,776,https://agoda.com/rainbow-inn/hotel/los-angeles-ca-us.html?checkin=2019-12-25&los=1&adults=2&rooms=1&searchrequestid=cd873693-fc01-4e55-8798-e90aed082398&travellerType=1
227,501749,Eastsider Motel,65.0,6.3,148,https://agoda.com/eastsider-motel/hotel/los-angeles-ca-us.html?checkin=2019-12-25&los=1&adults=2&rooms=1&searchrequestid=cd873693-fc01-4e55-8798-e90aed082398&travellerType=1&tspTypes=9
228,3363256,Santa Monica Motel,125.1,8.2,1435,https://agoda.com/santa-monica-motel_4/hotel/los-angeles-ca-us.html?checkin=2019-12-25&los=1&adults=2&rooms=1&searchrequestid=cd873693-fc01-4e55-8798-e90aed082398&travellerType=1&tspTypes=6
229,360015,La Siesta Inn,0.0,7.7,36,https://agoda.com/la-siesta-inn/hotel/los-angeles-ca-us.html?checkin=2019-12-25&los=1&adults=2&rooms=1&searchrequestid=cd873693-fc01-4e55-8798-e90aed082398&travellerType=1
230,204602,Days Inn by Wyndham Downey,106.25,8.0,256,https://agoda.com/days-inn-by-wyndham-downey/hotel/los-angeles-ca-us.html?checkin=2019-12-25&los=1&adults=2&rooms=1&searchrequestid=cd873693-fc01-4e55-8798-e90aed082398&travellerType=1
231,4278,Crowne Plaza Los Angeles-Commerce Casino,169.15,7.4,186,https://agoda.com/crowne-plaza-los-angeles-commerce-casino/hotel/los-angeles-ca-us.html?checkin=2019-12-25&los=1&adults=2&rooms=1&searchrequestid=cd873693-fc01-4e55-8798-e90aed082398&travellerType=1&tspTypes=4
232,2463637,Anaheim Hotel,209.0,8.0,1671,https://agoda.com/anaheim-hotel_2/hotel/los-angeles-ca-us.html?checkin=2019-12-25&los=1&adults=2&rooms=1&searchrequestid=cd873693-fc01-4e55-8798-e90aed082398&travellerType=1
233,1102615,Jewel City Inn,129.0,7.8,64,https://agoda.com/jewel-city-inn_2/hotel/los-angeles-ca-us.html?checkin=2019-12-25&los=1&adults=2&rooms=1&searchrequestid=cd873693-fc01-4e55-8798-e90aed082398&travellerType=1&tspTypes=1
234,367854,Hotel del Flores,92.0,5.8,340,https://agoda.com/hotel-del-flores/hotel/los-angeles-ca-us.html?checkin=2019-12-25&los=1&adults=2&rooms=1&searchrequestid=cd873693-fc01-4e55-8798-e90aed082398&travellerType=1&tspTypes=2
235,920848,Best Western Pasadena Royale Inn and Suites,118.15,8.3,954,https://agoda.com/best-western-pasadena-royale-inn-and-suites/hotel/los-angeles-ca-us.html?checkin=2019-12-25&los=1&adults=2&rooms=1&searchrequestid=cd873693-fc01-4e55-8798-e90aed082398&travellerType=1&tspTypes=1
236,2091568,Monterey Motel,60.0,4.4,161,https://agoda.com/monterey-motel_2/hotel/los-angeles-ca-us.html?checkin=2019-12-25&los=1&adults=2&rooms=1&searchrequestid=5a722c8f-35ec-427d-a7a8-4db7333aa85f&travellerType=1&tspTypes=9
237,164983,Hotel Shangri-La,310.0,7.9,622,https://agoda.com/hotel-shangri-la/hotel/los-angeles-ca-us.html?checkin=2019-12-25&los=1&adults=2&rooms=1&searchrequestid=5a722c8f-35ec-427d-a7a8-4db7333aa85f&travellerType=1&tspTypes=2
238,2453431,"Bluestem Hotel Torrance - Los Angeles, an Ascend Hotel Member",122.4,8.8,150,https://agoda.com/bluestem-hotel-torrance-los-angeles-an-ascend-hotel-member_2/hotel/los-angeles-ca-us.html?checkin=2019-12-25&los=1&adults=2&rooms=1&searchrequestid=5a722c8f-35ec-427d-a7a8-4db7333aa85f&travellerType=1
239,1155280,Boutique 8 Venice,0.0,8.7,513,https://agoda.com/boutique-8-venice/hotel/los-angeles-ca-us.html?checkin=2019-12-25&los=1&adults=2&rooms=1&searchrequestid=5a722c8f-35ec-427d-a7a8-4db7333aa85f&travellerType=1
240,7105484,Travelodge by Wyndham Artesia,97.76,0.0,0,https://agoda.com/travelodge-by-wyndham-artesia/hotel/los-angeles-ca-us.html?checkin=2019-12-25&los=1&adults=2&rooms=1&searchrequestid=5a722c8f-35ec-427d-a7a8-4db7333aa85f&travellerType=1
241,203513,Comfort Inn Near Pasadena Civic Auditorium,112.2,8.1,103,https://agoda.com/comfort-inn-near-pasadena-civic-auditorium/hotel/los-angeles-ca-us.html?checkin=2019-12-25&los=1&adults=2&rooms=1&searchrequestid=5a722c8f-35ec-427d-a7a8-4db7333aa85f&travellerType=1
242,80187,Doubletree By Hilton Los Angeles Rosemead,125.1,8.7,543,https://agoda.com/doubletree-by-hilton-los-angeles-rosemead/hotel/los-angeles-ca-us.html?checkin=2019-12-25&los=1&adults=2&rooms=1&searchrequestid=5a722c8f-35ec-427d-a7a8-4db7333aa85f&travellerType=1&tspTypes=6
243,215075,Rodeway Inn & Suites Pacific Coast Highway,85.0,7.3,153,https://agoda.com/rodeway-inn-suites-pacific-coast-highway/hotel/los-angeles-ca-us.html?checkin=2019-12-25&los=1&adults=2&rooms=1&searchrequestid=5a722c8f-35ec-427d-a7a8-4db7333aa85f&travellerType=1
244,545334,Colony Inn,160.0,7.9,365,https://agoda.com/colony-inn/hotel/los-angeles-ca-us.html?checkin=2019-12-25&los=1&adults=2&rooms=1&searchrequestid=5a722c8f-35ec-427d-a7a8-4db7333aa85f&travellerType=1&tspTypes=1
245,272058,Hampton Inn Los Angeles Intl Airport Hawthorne,179.1,8.5,2065,https://agoda.com/hampton-inn-los-angeles-intl-airport-hawthorne/hotel/los-angeles-ca-us.html?checkin=2019-12-25&los=1&adults=2&rooms=1&searchrequestid=5a722c8f-35ec-427d-a7a8-4db7333aa85f&travellerType=1&tspTypes=1
246,252514,Hi-Way Host Motel,52.63,6.4,126,https://agoda.com/hi-way-host-motel/hotel/los-angeles-ca-us.html?checkin=2019-12-25&los=1&adults=2&rooms=1&searchrequestid=5a722c8f-35ec-427d-a7a8-4db7333aa85f&travellerType=1
247,2402749,Luxe City Center Hotel,224.1,8.1,1429,https://agoda.com/luxe-city-center-hotel_3/hotel/los-angeles-ca-us.html?checkin=2019-12-25&los=1&adults=2&rooms=1&searchrequestid=5a722c8f-35ec-427d-a7a8-4db7333aa85f&travellerType=1
248,102902,Best Western Plus Anaheim Orange County Hotel,130.0,8.7,417,https://agoda.com/best-western-plus-anaheim-orange-county-hotel/hotel/los-angeles-ca-us.html?checkin=2019-12-25&los=1&adults=2&rooms=1&searchrequestid=5a722c8f-35ec-427d-a7a8-4db7333aa85f&travellerType=1
249,2448915,Courtyard Los Angeles Woodland Hills,181.0,8.6,76,https://agoda.com/courtyard-los-angeles-woodland-hills/hotel/los-angeles-ca-us.html?checkin=2019-12-25&los=1&adults=2&rooms=1&searchrequestid=5a722c8f-35ec-427d-a7a8-4db7333aa85f&travellerType=1
250,5751177,Best Western Premier NOHO Inn,164.0,8.5,68,https://agoda.com/best-western-premier-noho-inn/hotel/los-angeles-ca-us.html?checkin=2019-12-25&los=1&adults=2&rooms=1&searchrequestid=5a722c8f-35ec-427d-a7a8-4db7333aa85f&travellerType=1
251,6950675,Libra Hotel,89.0,7.6,1198,https://agoda.com/libra-hotel/hotel/los-angeles-ca-us.html?checkin=2019-12-25&los=1&adults=2&rooms=1&searchrequestid=5a722c8f-35ec-427d-a7a8-4db7333aa85f&travellerType=1
252,64646,Hollywood Celebrity Hotel,169.0,8.7,2334,https://agoda.com/hollywood-celebrity-hotel/hotel/los-angeles-ca-us.html?checkin=2019-12-25&los=1&adults=2&rooms=1&searchrequestid=5a722c8f-35ec-427d-a7a8-4db7333aa85f&travellerType=1&tspTypes=1
253,4332,Sofitel Los Angeles Hotel,260.1,8.2,1248,https://agoda.com/sofitel-los-angeles-hotel/hotel/los-angeles-ca-us.html?checkin=2019-12-25&los=1&adults=2&rooms=1&searchrequestid=5a722c8f-35ec-427d-a7a8-4db7333aa85f&travellerType=1&tspTypes=4
254,2454904,Travelodge Inn & Suites by Wyndham Anaheim on Disneyland Dr,170.05,8.2,2325,https://agoda.com/travelodge-inn-suites-by-wyndham-anaheim-on-disneyland-dr/hotel/los-angeles-ca-us.html?checkin=2019-12-25&los=1&adults=2&rooms=1&searchrequestid=5a722c8f-35ec-427d-a7a8-4db7333aa85f&travellerType=1
255,461411,Rodeway Inn South Gate,72.0,6.3,177,https://agoda.com/rodeway-inn-south-gate/hotel/los-angeles-ca-us.html?checkin=2019-12-25&los=1&adults=2&rooms=1&searchrequestid=5a722c8f-35ec-427d-a7a8-4db7333aa85f&travellerType=1
256,6950474,Motel Sakura,115.0,9.0,1415,https://agoda.com/motel-sakura/hotel/los-angeles-ca-us.html?checkin=2019-12-25&los=1&adults=2&rooms=1&searchrequestid=f348a976-ed93-486f-99ed-a85356a683cb&travellerType=1
257,443072,The LINE Hotel,199.0,8.0,1768,https://agoda.com/the-line-hotel/hotel/los-angeles-ca-us.html?checkin=2019-12-25&los=1&adults=2&rooms=1&searchrequestid=f348a976-ed93-486f-99ed-a85356a683cb&travellerType=1&tspTypes=4
258,2094003,Hotel Xilo,139.0,8.0,343,https://agoda.com/hotel-xilo/hotel/los-angeles-ca-us.html?checkin=2019-12-25&los=1&adults=2&rooms=1&searchrequestid=f348a976-ed93-486f-99ed-a85356a683cb&travellerType=1
259,2454797,Del Sol Inn Anaheim,0.0,8.4,913,https://agoda.com/del-sol-inn-anaheim_2/hotel/los-angeles-ca-us.html?checkin=2019-12-25&los=1&adults=2&rooms=1&searchrequestid=f348a976-ed93-486f-99ed-a85356a683cb&travellerType=1
260,4389518,Kimpton Everly Hotel,239.0,8.9,1069,https://agoda.com/kimpton-everly-hotel_6/hotel/los-angeles-ca-us.html?checkin=2019-12-25&los=1&adults=2&rooms=1&searchrequestid=f348a976-ed93-486f-99ed-a85356a683cb&travellerType=1&tspTypes=1
261,2453066,Extended Stay America Los Angeles Torrance Blvd,94.99,6.5,230,https://agoda.com/extended-stay-america-los-angeles-torrance-blvd_2/hotel/los-angeles-ca-us.html?checkin=2019-12-25&los=1&adults=2&rooms=1&searchrequestid=f348a976-ed93-486f-99ed-a85356a683cb&travellerType=1
262,47166,Doubletree Guest Suites Santa Monica Hotel,244.02,8.0,1124,https://agoda.com/doubletree-guest-suites-santa-monica-hotel/hotel/los-angeles-ca-us.html?checkin=2019-12-25&los=1&adults=2&rooms=1&searchrequestid=f348a976-ed93-486f-99ed-a85356a683cb&travellerType=1
263,6950739,Friendship Motor Inn,85.0,8.3,2241,https://agoda.com/friendship-motor-inn/hotel/los-angeles-ca-us.html?checkin=2019-12-25&los=1&adults=2&rooms=1&searchrequestid=f348a976-ed93-486f-99ed-a85356a683cb&travellerType=1
264,8608322,Exclusivo Inn and Suites,99.0,8.0,94,https://agoda.com/exclusivo-inn-and-suites/hotel/all/los-angeles-ca-us.html?checkin=2019-12-25&los=1&adults=2&rooms=1&searchrequestid=f348a976-ed93-486f-99ed-a85356a683cb&travellerType=1&tspTypes=6
265,483234,Motel 6 Anaheim - Fullerton East,90.99,7.1,473,https://agoda.com/motel-6-anaheim-fullerton-east/hotel/los-angeles-ca-us.html?checkin=2019-12-25&los=1&adults=2&rooms=1&searchrequestid=f348a976-ed93-486f-99ed-a85356a683cb&travellerType=1&tspTypes=1
266,872218,Studio 6 Anaheim,73.79,5.9,74,https://agoda.com/studio-6-anaheim_3/hotel/los-angeles-ca-us.html?checkin=2019-12-25&los=1&adults=2&rooms=1&searchrequestid=f348a976-ed93-486f-99ed-a85356a683cb&travellerType=1
267,76014,Sportsmens Lodge Hotel,199.0,7.5,1169,https://agoda.com/sportsmens-lodge-hotel/hotel/los-angeles-ca-us.html?checkin=2019-12-25&los=1&adults=2&rooms=1&searchrequestid=f348a976-ed93-486f-99ed-a85356a683cb&travellerType=1&tspTypes=2
268,6950537,Abby's Anaheimer Inn - Across Disneyland Park,121.5,6.3,894,https://agoda.com/abby-s-anaheimer-inn-across-disneyland-park/hotel/los-angeles-ca-us.html?checkin=2019-12-25&los=1&adults=2&rooms=1&searchrequestid=f348a976-ed93-486f-99ed-a85356a683cb&travellerType=1
269,2454162,Residence Inn Los Angeles Pasadena/Old Town,164.0,9.0,120,https://agoda.com/residence-inn-los-angeles-pasadena-old-town_8/hotel/los-angeles-ca-us.html?checkin=2019-12-25&los=1&adults=2&rooms=1&searchrequestid=f348a976-ed93-486f-99ed-a85356a683cb&travellerType=1
270,851503,Antonio Hotel  Downtown Los Angeles near Hollywood,65.0,5.5,318,https://agoda.com/antonio-hotel-downtown-los-angeles-near-hollywood_2/hotel/los-angeles-ca-us.html?checkin=2019-12-25&los=1&adults=2&rooms=1&searchrequestid=f348a976-ed93-486f-99ed-a85356a683cb&travellerType=1&tspTypes=9
271,173473,Sheraton Garden Grove - Anaheim South Hotel,111.0,8.1,502,https://agoda.com/sheraton-garden-grove-anaheim-south-hotel/hotel/los-angeles-ca-us.html?checkin=2019-12-25&los=1&adults=2&rooms=1&searchrequestid=f348a976-ed93-486f-99ed-a85356a683cb&travellerType=1&tspTypes=3
272,93758,Loews Hollywood Hotel,229.0,8.6,1770,https://agoda.com/loews-hollywood-hotel/hotel/los-angeles-ca-us.html?checkin=2019-12-25&los=1&adults=2&rooms=1&searchrequestid=f348a976-ed93-486f-99ed-a85356a683cb&travellerType=1&tspTypes=2
273,92837,"818 Hotel + Pool, an Ascend Hotel Collection Member",127.51,7.1,200,https://agoda.com/comfort-inn-woodland-hills/hotel/los-angeles-ca-us.html?checkin=2019-12-25&los=1&adults=2&rooms=1&searchrequestid=f348a976-ed93-486f-99ed-a85356a683cb&travellerType=1
274,2264675,"The Langham Huntington, Pasadena",278.0,9.1,691,https://agoda.com/the-langham-huntington-pasadena_2/hotel/los-angeles-ca-us.html?checkin=2019-12-25&los=1&adults=2&rooms=1&searchrequestid=f348a976-ed93-486f-99ed-a85356a683cb&travellerType=1&tspTypes=5
275,398579,Patio Motel,76.58,6.8,286,https://agoda.com/patio-motel/hotel/los-angeles-ca-us.html?checkin=2019-12-25&los=1&adults=2&rooms=1&searchrequestid=f348a976-ed93-486f-99ed-a85356a683cb&travellerType=1
276,2673907,Travelodge by Wyndham Burbank-Glendale,100.44,5.5,86,https://agoda.com/travelodge-by-wyndham-burbank-glendale/hotel/los-angeles-ca-us.html?checkin=2019-12-25&los=1&adults=2&rooms=1&searchrequestid=e9b31e2a-fd33-4183-a293-853d2a73172a&travellerType=1
277,95044,Hotel MDR Marina del Rey - a DoubleTree by Hilton,181.44,7.7,762,https://agoda.com/hotel-mdr-marina-del-rey-a-doubletree-by-hilton/hotel/los-angeles-ca-us.html?checkin=2019-12-25&los=1&adults=2&rooms=1&searchrequestid=e9b31e2a-fd33-4183-a293-853d2a73172a&travellerType=1&tspTypes=9
278,10914204,Anaheim Lodge,67.0,7.6,1147,https://agoda.com/anaheim-lodge/hotel/los-angeles-ca-us.html?checkin=2019-12-25&los=1&adults=2&rooms=1&searchrequestid=e9b31e2a-fd33-4183-a293-853d2a73172a&travellerType=1
279,7429282,Crystal Palace Inn,0.0,8.5,13,https://agoda.com/crystal-palace-inn/hotel/all/los-angeles-ca-us.html?checkin=2019-12-25&los=1&adults=2&rooms=1&searchrequestid=e9b31e2a-fd33-4183-a293-853d2a73172a&travellerType=1
280,207316,Inn Of Long Beach,79.0,7.5,700,https://agoda.com/inn-of-long-beach/hotel/los-angeles-ca-us.html?checkin=2019-12-25&los=1&adults=2&rooms=1&searchrequestid=e9b31e2a-fd33-4183-a293-853d2a73172a&travellerType=1
281,177711,SureStay Hotel by Best Western Beverly Hills West LA,116.1,7.2,294,https://agoda.com/surestay-hotel-by-best-western-beverly-hills-west-la/hotel/los-angeles-ca-us.html?checkin=2019-12-25&los=1&adults=2&rooms=1&searchrequestid=e9b31e2a-fd33-4183-a293-853d2a73172a&travellerType=1
282,80214,Embassy Suites by Hilton Arcadia Pasadena Area,175.77,8.3,271,https://agoda.com/embassy-suites-by-hilton-arcadia-pasadena-area/hotel/los-angeles-ca-us.html?checkin=2019-12-25&los=1&adults=2&rooms=1&searchrequestid=e9b31e2a-fd33-4183-a293-853d2a73172a&travellerType=1&tspTypes=1
283,94942,Best Western of Long Beach,119.0,7.9,941,https://agoda.com/best-western-of-long-beach/hotel/los-angeles-ca-us.html?checkin=2019-12-25&los=1&adults=2&rooms=1&searchrequestid=e9b31e2a-fd33-4183-a293-853d2a73172a&travellerType=1&tspTypes=3
284,501864,Valley Inn,85.0,6.8,631,https://agoda.com/valley-inn/hotel/los-angeles-ca-us.html?checkin=2019-12-25&los=1&adults=2&rooms=1&searchrequestid=e9b31e2a-fd33-4183-a293-853d2a73172a&travellerType=1&tspTypes=9
285,164495,Holiday Inn Express Hollywood Walk of Fame,228.0,8.3,739,https://agoda.com/holiday-inn-express-hollywood-walk-of-fame/hotel/los-angeles-ca-us.html?checkin=2019-12-25&los=1&adults=2&rooms=1&searchrequestid=e9b31e2a-fd33-4183-a293-853d2a73172a&travellerType=1
286,479388,Rodeway Inn & Suites,84.55,7.7,368,https://agoda.com/rodeway-inn-suites/hotel/los-angeles-ca-us.html?checkin=2019-12-25&los=1&adults=2&rooms=1&searchrequestid=e9b31e2a-fd33-4183-a293-853d2a73172a&travellerType=1
287,45693,Best Western Plus Stovall Inn,200.0,8.5,3500,https://agoda.com/best-western-plus-stovall-inn/hotel/los-angeles-ca-us.html?checkin=2019-12-25&los=1&adults=2&rooms=1&searchrequestid=e9b31e2a-fd33-4183-a293-853d2a73172a&travellerType=1&tspTypes=1
288,4645540,InterContinental - Los Angeles Downtown,337.0,8.8,2091,https://agoda.com/intercontinental-los-angeles-downtown_9/hotel/los-angeles-ca-us.html?checkin=2019-12-25&los=1&adults=2&rooms=1&searchrequestid=e9b31e2a-fd33-4183-a293-853d2a73172a&travellerType=1&tspTypes=2
289,10914113,Pasadena Rose Inn,0.0,4.8,110,https://agoda.com/pasadena-rose-inn/hotel/los-angeles-ca-us.html?checkin=2019-12-25&los=1&adults=2&rooms=1&searchrequestid=e9b31e2a-fd33-4183-a293-853d2a73172a&travellerType=1
290,94741,Ramada by Wyndham Burbank Airport,107.1,7.2,233,https://agoda.com/ramada-by-wyndham-burbank-airport/hotel/los-angeles-ca-us.html?checkin=2019-12-25&los=1&adults=2&rooms=1&searchrequestid=e9b31e2a-fd33-4183-a293-853d2a73172a&travellerType=1
291,469593,Sirtaj Hotel,189.0,8.3,317,https://agoda.com/sirtaj-hotel/hotel/los-angeles-ca-us.html?checkin=2019-12-25&los=1&adults=2&rooms=1&searchrequestid=e9b31e2a-fd33-4183-a293-853d2a73172a&travellerType=1&tspTypes=4
292,167013,Americas Best Value Inn Hollywood Los Angeles,95.99,7.3,411,https://agoda.com/americas-best-value-inn-hollywood-los-angeles_3/hotel/los-angeles-ca-us.html?checkin=2019-12-25&los=1&adults=2&rooms=1&searchrequestid=e9b31e2a-fd33-4183-a293-853d2a73172a&travellerType=1
293,7011010,Vagabond Inn Executive Pasadena,109.0,8.5,616,https://agoda.com/vagabond-inn-executive-pasadena/hotel/los-angeles-ca-us.html?checkin=2019-12-25&los=1&adults=2&rooms=1&searchrequestid=e9b31e2a-fd33-4183-a293-853d2a73172a&travellerType=1
294,171986,Sheraton Universal Hotel,199.0,8.1,1190,https://agoda.com/sheraton-universal-hotel/hotel/los-angeles-ca-us.html?checkin=2019-12-25&los=1&adults=2&rooms=1&searchrequestid=e9b31e2a-fd33-4183-a293-853d2a73172a&travellerType=1&tspTypes=2
295,101277,"The Cove Hotel, Ascend Hotel Collection",118.15,8.7,335,https://agoda.com/the-cove-hotel-an-ascend-hotel-collection-member/hotel/los-angeles-ca-us.html?checkin=2019-12-25&los=1&adults=2&rooms=1&searchrequestid=e9b31e2a-fd33-4183-a293-853d2a73172a&travellerType=1
296,1578890,Astro Pasadena Hotel,144.0,8.2,318,https://agoda.com/astro-pasadena-hotel/hotel/los-angeles-ca-us.html?checkin=2019-12-25&los=1&adults=2&rooms=1&searchrequestid=1127b05f-a740-4ee6-b2a4-fa27c9038aeb&travellerType=1&tspTypes=1
297,3503,Doubletree by Hilton Los Angeles Downtown Hotel,170.05,7.7,747,https://agoda.com/doubletree-by-hilton-los-angeles-downtown-hotel/hotel/los-angeles-ca-us.html?checkin=2019-12-25&los=1&adults=2&rooms=1&searchrequestid=1127b05f-a740-4ee6-b2a4-fa27c9038aeb&travellerType=1&tspTypes=9
298,2822706,Sheraton Los Angeles San Gabriel,179.1,8.5,545,https://agoda.com/sheraton-los-angeles-san-gabriel/hotel/los-angeles-ca-us.html?checkin=2019-12-25&los=1&adults=2&rooms=1&searchrequestid=1127b05f-a740-4ee6-b2a4-fa27c9038aeb&travellerType=1&tspTypes=4
299,568437,Harbor Inn,0.0,6.4,100,https://agoda.com/harbor-inn/hotel/los-angeles-ca-us.html?checkin=2019-12-25&los=1&adults=2&rooms=1&searchrequestid=1127b05f-a740-4ee6-b2a4-fa27c9038aeb&travellerType=1
300,295378,Holiday Inn Express Los Angeles Downtown West,152.1,7.3,180,https://agoda.com/holiday-inn-express-los-angeles-downtown-west/hotel/los-angeles-ca-us.html?checkin=2019-12-25&los=1&adults=2&rooms=1&searchrequestid=1127b05f-a740-4ee6-b2a4-fa27c9038aeb&travellerType=1&tspTypes=1
301,2504894,Hotel Royal,89.0,8.8,520,https://agoda.com/hotel-royal_2/hotel/los-angeles-ca-us.html?checkin=2019-12-25&los=1&adults=2&rooms=1&searchrequestid=1127b05f-a740-4ee6-b2a4-fa27c9038aeb&travellerType=1&tspTypes=3
302,10913847,Wave Hotel Manhattan Beach,107.68,7.4,725,https://agoda.com/wave-hotel-manhattan-beach/hotel/los-angeles-ca-us.html?checkin=2019-12-25&los=1&adults=2&rooms=1&searchrequestid=1127b05f-a740-4ee6-b2a4-fa27c9038aeb&travellerType=1
303,2728357,Travelodge Inn & Suites by Wyndham Bell Los Angeles Area,84.99,8.1,408,https://agoda.com/travelodge-inn-suites-by-wyndham-bell-los-angeles-area/hotel/los-angeles-ca-us.html?checkin=2019-12-25&los=1&adults=2&rooms=1&searchrequestid=1127b05f-a740-4ee6-b2a4-fa27c9038aeb&travellerType=1
304,5727905,Hartford Hotel Best Western Signature Collection,118.11,8.6,248,https://agoda.com/hartford-hotel-best-western-signature-collection/hotel/los-angeles-ca-us.html?checkin=2019-12-25&los=1&adults=2&rooms=1&searchrequestid=1127b05f-a740-4ee6-b2a4-fa27c9038aeb&travellerType=1
305,2461595,Super 8 By Wyndham Cypress Buena Park Area,67.22,7.7,215,https://agoda.com/super-8-by-wyndham-cypress-buena-park-area/hotel/los-angeles-ca-us.html?checkin=2019-12-25&los=1&adults=2&rooms=1&searchrequestid=1127b05f-a740-4ee6-b2a4-fa27c9038aeb&travellerType=1
306,212266,Vagabond Inn Whittier,85.0,8.1,242,https://agoda.com/vagabond-inn-whittier/hotel/los-angeles-ca-us.html?checkin=2019-12-25&los=1&adults=2&rooms=1&searchrequestid=1127b05f-a740-4ee6-b2a4-fa27c9038aeb&travellerType=1&tspTypes=6
307,5371790,Los Angeles Vacation Rooms,70.0,6.3,358,https://agoda.com/los-angeles-vacation-rooms/hotel/los-angeles-ca-us.html?checkin=2019-12-25&los=1&adults=2&rooms=1&searchrequestid=1127b05f-a740-4ee6-b2a4-fa27c9038aeb&travellerType=1
308,45701,Holiday Inn Hotel & Suites Anaheim,199.2,8.1,956,https://agoda.com/holiday-inn-hotel-suites-anaheim/hotel/los-angeles-ca-us.html?checkin=2019-12-25&los=1&adults=2&rooms=1&searchrequestid=1127b05f-a740-4ee6-b2a4-fa27c9038aeb&travellerType=1&tspTypes=2
309,6950385,The Beverly Hills Hotel - Dorchester Collection,0.0,9.4,288,https://agoda.com/the-beverly-hills-hotel-dorchester-collection/hotel/los-angeles-ca-us.html?checkin=2019-12-25&los=1&adults=2&rooms=1&searchrequestid=1127b05f-a740-4ee6-b2a4-fa27c9038aeb&travellerType=1
310,209151,Quality Inn Long Beach Airport,84.15,7.0,615,https://agoda.com/quality-inn-long-beach-airport/hotel/los-angeles-ca-us.html?checkin=2019-12-25&los=1&adults=2&rooms=1&searchrequestid=1127b05f-a740-4ee6-b2a4-fa27c9038aeb&travellerType=1&tspTypes=1
311,100918,Sea Rock Inn - Los Angeles,62.98,7.2,1071,https://agoda.com/sea-rock-inn-los-angeles/hotel/los-angeles-ca-us.html?checkin=2019-12-25&los=1&adults=2&rooms=1&searchrequestid=1127b05f-a740-4ee6-b2a4-fa27c9038aeb&travellerType=1&tspTypes=9
312,46948,Crowne Plaza Redondo Beach and Marina,160.65,8.6,706,https://agoda.com/crowne-plaza-redondo-beach-and-marina/hotel/los-angeles-ca-us.html?checkin=2019-12-25&los=1&adults=2&rooms=1&searchrequestid=1127b05f-a740-4ee6-b2a4-fa27c9038aeb&travellerType=1&tspTypes=2
313,851239,Crenshaw Inn Motel,70.2,5.7,375,https://agoda.com/crenshaw-inn-motel/hotel/los-angeles-ca-us.html?checkin=2019-12-25&los=1&adults=2&rooms=1&searchrequestid=1127b05f-a740-4ee6-b2a4-fa27c9038aeb&travellerType=1&tspTypes=9
314,101288,Best Western Los Alamitos Inn and Suites,169.99,8.5,180,https://agoda.com/best-western-los-alamitos-inn-and-suites/hotel/los-angeles-ca-us.html?checkin=2019-12-25&los=1&adults=2&rooms=1&searchrequestid=1127b05f-a740-4ee6-b2a4-fa27c9038aeb&travellerType=1
315,785540,Ginosi FiGaro Apartel,157.0,7.7,131,https://agoda.com/ginosi-figaro-apartel_3/hotel/los-angeles-ca-us.html?checkin=2019-12-25&los=1&adults=2&rooms=1&searchrequestid=1127b05f-a740-4ee6-b2a4-fa27c9038aeb&travellerType=1&tspTypes=9
