,house_id,house_name,price_per_night,rating,review_num,house_url
0,30193861,Singer&Photographer’s Comfy Home,95,4.86,138,https://www.airbnb.com/rooms/30193861?location=Los%20Angeles%2C%20CA&amp;adults=2&amp;check_in=2019-12-25&amp;check_out=2019-12-26&amp;previous_page_section_name=1000&amp;search_id=9f6a5ac1-8e1d-1e96-3d80-ce401cc0c7ec&amp;federated_search_id=343fbbde-537d-4965-b140-deb4bb37ed87
1,23974206,Surreal Silver Lake Space,42,4.94,6,https://www.airbnb.com/rooms/39930010?location=Los%20Angeles%2C%20CA&amp;adults=2&amp;check_in=2019-12-25&amp;check_out=2019-12-26&amp;previous_page_section_name=1000&amp;search_id=9f6a5ac1-8e1d-1e96-3d80-ce401cc0c7ec&amp;federated_search_id=343fbbde-537d-4965-b140-deb4bb37ed87
2,533646,private room & bathroom  breakfast included.,65,4.72,143,https://www.airbnb.com/rooms/23974206?location=Los%20Angeles%2C%20CA&amp;adults=2&amp;check_in=2019-12-25&amp;check_out=2019-12-26&amp;previous_page_section_name=1000&amp;search_id=9f6a5ac1-8e1d-1e96-3d80-ce401cc0c7ec&amp;federated_search_id=343fbbde-537d-4965-b140-deb4bb37ed87
3,39930010,★The Wilton- Stay in the heart of LA- Hip Loft,97,4.83,72,https://www.airbnb.com/rooms/33718651?location=Los%20Angeles%2C%20CA&amp;adults=2&amp;check_in=2019-12-25&amp;check_out=2019-12-26&amp;previous_page_section_name=1000&amp;search_id=9f6a5ac1-8e1d-1e96-3d80-ce401cc0c7ec&amp;federated_search_id=343fbbde-537d-4965-b140-deb4bb37ed87
4,13349001,"2.D Shared Pretty Place near  Universal,Hollywood",85,4.63,260,https://www.airbnb.com/rooms/15599678?location=Los%20Angeles%2C%20CA&amp;adults=2&amp;check_in=2019-12-25&amp;check_out=2019-12-26&amp;previous_page_section_name=1000&amp;search_id=9f6a5ac1-8e1d-1e96-3d80-ce401cc0c7ec&amp;federated_search_id=343fbbde-537d-4965-b140-deb4bb37ed87
5,22889381,Spacious&private Suite near LAX,105,4.90,586,https://www.airbnb.com/rooms/533646?location=Los%20Angeles%2C%20CA&amp;adults=2&amp;check_in=2019-12-25&amp;check_out=2019-12-26&amp;previous_page_section_name=1000&amp;search_id=9f6a5ac1-8e1d-1e96-3d80-ce401cc0c7ec&amp;federated_search_id=343fbbde-537d-4965-b140-deb4bb37ed87
6,20156128,MY HOLLYWOOD SPACE RENTALS  #15,69,4.65,0,https://www.airbnb.com/rooms/40028404?location=Los%20Angeles%2C%20CA&amp;adults=2&amp;check_in=2019-12-25&amp;check_out=2019-12-26&amp;previous_page_section_name=1000&amp;search_id=9f6a5ac1-8e1d-1e96-3d80-ce401cc0c7ec&amp;federated_search_id=343fbbde-537d-4965-b140-deb4bb37ed87
7,25738675,Venice Beach Dreams Live Like a Local next Beach,66,4.58,80,https://www.airbnb.com/rooms/22889381?location=Los%20Angeles%2C%20CA&amp;adults=2&amp;check_in=2019-12-25&amp;check_out=2019-12-26&amp;previous_page_section_name=1000&amp;search_id=9f6a5ac1-8e1d-1e96-3d80-ce401cc0c7ec&amp;federated_search_id=343fbbde-537d-4965-b140-deb4bb37ed87
8,3304088,"Quiet retreat within minutes of LAX, Beaches & Fwy",64,4.83,317,https://www.airbnb.com/rooms/13349001?location=Los%20Angeles%2C%20CA&amp;adults=2&amp;check_in=2019-12-25&amp;check_out=2019-12-26&amp;previous_page_section_name=1000&amp;search_id=9f6a5ac1-8e1d-1e96-3d80-ce401cc0c7ec&amp;federated_search_id=343fbbde-537d-4965-b140-deb4bb37ed87
9,22309844,Comfort & Convenience in Hollywood/West Hollywood,109,4.32,24,https://www.airbnb.com/rooms/35270270?location=Los%20Angeles%2C%20CA&amp;adults=2&amp;check_in=2019-12-25&amp;check_out=2019-12-26&amp;previous_page_section_name=1000&amp;search_id=9f6a5ac1-8e1d-1e96-3d80-ce401cc0c7ec&amp;federated_search_id=343fbbde-537d-4965-b140-deb4bb37ed87
10,40753983,"❤️1-1, Private room. Near USC, Exposition park!!!",86,0,111,https://www.airbnb.com/rooms/20427891?location=Los%20Angeles%2C%20CA&amp;adults=2&amp;check_in=2019-12-25&amp;check_out=2019-12-26&amp;previous_page_section_name=1000&amp;search_id=9f6a5ac1-8e1d-1e96-3d80-ce401cc0c7ec&amp;federated_search_id=343fbbde-537d-4965-b140-deb4bb37ed87
11,37720081,AppleGarden#1 luxury master studio 苹果园,99,4.59,137,https://www.airbnb.com/rooms/25135484?location=Los%20Angeles%2C%20CA&amp;adults=2&amp;check_in=2019-12-25&amp;check_out=2019-12-26&amp;previous_page_section_name=1000&amp;search_id=9f6a5ac1-8e1d-1e96-3d80-ce401cc0c7ec&amp;federated_search_id=343fbbde-537d-4965-b140-deb4bb37ed87
12,29040737,整套房子1房2床1卫,120,4.73,167,https://www.airbnb.com/rooms/20156128?location=Los%20Angeles%2C%20CA&amp;adults=2&amp;check_in=2019-12-25&amp;check_out=2019-12-26&amp;previous_page_section_name=1000&amp;search_id=9f6a5ac1-8e1d-1e96-3d80-ce401cc0c7ec&amp;federated_search_id=343fbbde-537d-4965-b140-deb4bb37ed87
13,28913346,700Sqft Venice Apartment,65,4.85,382,https://www.airbnb.com/rooms/3304088?location=Los%20Angeles%2C%20CA&amp;adults=2&amp;check_in=2019-12-25&amp;check_out=2019-12-26&amp;previous_page_section_name=1000&amp;search_id=9f6a5ac1-8e1d-1e96-3d80-ce401cc0c7ec&amp;federated_search_id=343fbbde-537d-4965-b140-deb4bb37ed87
14,34572693,Tranquil Mountain Cabin in LA,139,5.0,208,https://www.airbnb.com/rooms/22309844?location=Los%20Angeles%2C%20CA&amp;adults=2&amp;check_in=2019-12-25&amp;check_out=2019-12-26&amp;previous_page_section_name=1000&amp;search_id=9f6a5ac1-8e1d-1e96-3d80-ce401cc0c7ec&amp;federated_search_id=343fbbde-537d-4965-b140-deb4bb37ed87
15,19573785,Central LA studio/Private Parking,95,4.65,27,https://www.airbnb.com/rooms/37720081?location=Los%20Angeles%2C%20CA&amp;adults=2&amp;check_in=2019-12-25&amp;check_out=2019-12-26&amp;previous_page_section_name=1000&amp;search_id=9f6a5ac1-8e1d-1e96-3d80-ce401cc0c7ec&amp;federated_search_id=343fbbde-537d-4965-b140-deb4bb37ed87
16,40286467,Om Mantra House in Hollywood Hills,65,0,132,https://www.airbnb.com/rooms/29040737?location=Los%20Angeles%2C%20CA&amp;adults=2&amp;check_in=2019-12-25&amp;check_out=2019-12-26&amp;previous_page_section_name=1000&amp;search_id=9f6a5ac1-8e1d-1e96-3d80-ce401cc0c7ec&amp;federated_search_id=343fbbde-537d-4965-b140-deb4bb37ed87
17,40704558,"Monterey Park, room #1",104,0,206,https://www.airbnb.com/rooms/13866238?location=Los%20Angeles%2C%20CA&amp;adults=2&amp;check_in=2019-12-25&amp;check_out=2019-12-26&amp;previous_page_section_name=1000&amp;search_id=9f6a5ac1-8e1d-1e96-3d80-ce401cc0c7ec&amp;federated_search_id=343fbbde-537d-4965-b140-deb4bb37ed87
18,21804966,"Private room & bathroom. Near LAX, Beaches, shops",88,4.75,117,https://www.airbnb.com/rooms/29040737?location=Los%20Angeles%2C%20CA&amp;adults=2&amp;check_in=2019-12-25&amp;check_out=2019-12-26&amp;previous_page_section_name=1000&amp;search_id=9687dd7e-d776-dbf1-d4cd-67938ca4415e&amp;federated_search_id=b3e74454-d4b5-45c1-b33a-8746fee0ebe1
19,40649939,"private room quiet area near Pasadena,  room 4",90,5.0,0,https://www.airbnb.com/rooms/28913346?location=Los%20Angeles%2C%20CA&amp;adults=2&amp;check_in=2019-12-25&amp;check_out=2019-12-26&amp;previous_page_section_name=1000&amp;search_id=9687dd7e-d776-dbf1-d4cd-67938ca4415e&amp;federated_search_id=b3e74454-d4b5-45c1-b33a-8746fee0ebe1
20,28675934,Large Private Bedroom in a Lovely Home in Prime LA,120,4.69,21,https://www.airbnb.com/rooms/19573785?location=Los%20Angeles%2C%20CA&amp;adults=2&amp;check_in=2019-12-25&amp;check_out=2019-12-26&amp;previous_page_section_name=1000&amp;search_id=9687dd7e-d776-dbf1-d4cd-67938ca4415e&amp;federated_search_id=b3e74454-d4b5-45c1-b33a-8746fee0ebe1
21,33812234,Tranquil Suite in the Heart of Los Feliz,62,4.69,45,https://www.airbnb.com/rooms/40028404?location=Los%20Angeles%2C%20CA&amp;adults=2&amp;check_in=2019-12-25&amp;check_out=2019-12-26&amp;previous_page_section_name=1000&amp;search_id=9687dd7e-d776-dbf1-d4cd-67938ca4415e&amp;federated_search_id=b3e74454-d4b5-45c1-b33a-8746fee0ebe1
22,40763602,Soak Up the LA Sunshine at a Hip Boutique Hotel,64,0,216,https://www.airbnb.com/rooms/31016427?location=Los%20Angeles%2C%20CA&amp;adults=2&amp;check_in=2019-12-25&amp;check_out=2019-12-26&amp;previous_page_section_name=1000&amp;search_id=9687dd7e-d776-dbf1-d4cd-67938ca4415e&amp;federated_search_id=b3e74454-d4b5-45c1-b33a-8746fee0ebe1
23,40028404,San Gabriel 独立洗手间一楼D房密码锁入住..步行十分钟希尔顿酒店,39,5.0,0,https://www.airbnb.com/rooms/35270270?location=Los%20Angeles%2C%20CA&amp;adults=2&amp;check_in=2019-12-25&amp;check_out=2019-12-26&amp;previous_page_section_name=1000&amp;search_id=9687dd7e-d776-dbf1-d4cd-67938ca4415e&amp;federated_search_id=b3e74454-d4b5-45c1-b33a-8746fee0ebe1
24,17370641,1.A.Lovely Private Room with private bathroom NoHo,59,4.95,0,https://www.airbnb.com/rooms/24853223?location=Los%20Angeles%2C%20CA&amp;adults=2&amp;check_in=2019-12-25&amp;check_out=2019-12-26&amp;previous_page_section_name=1000&amp;search_id=9687dd7e-d776-dbf1-d4cd-67938ca4415e&amp;federated_search_id=b3e74454-d4b5-45c1-b33a-8746fee0ebe1
25,15240195,cozy studio #8,107,4.83,55,https://www.airbnb.com/rooms/35303044?location=Los%20Angeles%2C%20CA&amp;adults=2&amp;check_in=2019-12-25&amp;check_out=2019-12-26&amp;previous_page_section_name=1000&amp;search_id=9687dd7e-d776-dbf1-d4cd-67938ca4415e&amp;federated_search_id=b3e74454-d4b5-45c1-b33a-8746fee0ebe1
26,27495640,플라워 6,55,4.79,0,https://www.airbnb.com/rooms/27291841?location=Los%20Angeles%2C%20CA&amp;adults=2&amp;check_in=2019-12-25&amp;check_out=2019-12-26&amp;previous_page_section_name=1000&amp;search_id=9687dd7e-d776-dbf1-d4cd-67938ca4415e&amp;federated_search_id=b3e74454-d4b5-45c1-b33a-8746fee0ebe1
27,39871891,NoHo Oasis,70,4.67,52,https://www.airbnb.com/rooms/28675934?location=Los%20Angeles%2C%20CA&amp;adults=2&amp;check_in=2019-12-25&amp;check_out=2019-12-26&amp;previous_page_section_name=1000&amp;search_id=9687dd7e-d776-dbf1-d4cd-67938ca4415e&amp;federated_search_id=b3e74454-d4b5-45c1-b33a-8746fee0ebe1
28,36455400,Private Modern Studio Charmer,89,4.86,206,https://www.airbnb.com/rooms/34572693?location=Los%20Angeles%2C%20CA&amp;adults=2&amp;check_in=2019-12-25&amp;check_out=2019-12-26&amp;previous_page_section_name=1000&amp;search_id=9687dd7e-d776-dbf1-d4cd-67938ca4415e&amp;federated_search_id=b3e74454-d4b5-45c1-b33a-8746fee0ebe1
29,40483751,Fully Remodeled Hideout on the Hill Guesthouse,65,4.54,55,https://www.airbnb.com/rooms/19198409?location=Los%20Angeles%2C%20CA&amp;adults=2&amp;check_in=2019-12-25&amp;check_out=2019-12-26&amp;previous_page_section_name=1000&amp;search_id=9687dd7e-d776-dbf1-d4cd-67938ca4415e&amp;federated_search_id=b3e74454-d4b5-45c1-b33a-8746fee0ebe1
30,19198409,Cozy Bedroom in West Hollywood.,50,0,0,https://www.airbnb.com/rooms/25135484?location=Los%20Angeles%2C%20CA&amp;adults=2&amp;check_in=2019-12-25&amp;check_out=2019-12-26&amp;previous_page_section_name=1000&amp;search_id=9687dd7e-d776-dbf1-d4cd-67938ca4415e&amp;federated_search_id=b3e74454-d4b5-45c1-b33a-8746fee0ebe1
31,24858808,Private Cottage with Parking in Walkable Los Feliz,125,4.85,0,https://www.airbnb.com/rooms/15240195?location=Los%20Angeles%2C%20CA&amp;adults=2&amp;check_in=2019-12-25&amp;check_out=2019-12-26&amp;previous_page_section_name=1000&amp;search_id=9687dd7e-d776-dbf1-d4cd-67938ca4415e&amp;federated_search_id=b3e74454-d4b5-45c1-b33a-8746fee0ebe1
32,40766480,Heart of LA,59,4.41,26,https://www.airbnb.com/rooms/39599271?location=Los%20Angeles%2C%20CA&amp;adults=2&amp;check_in=2019-12-25&amp;check_out=2019-12-26&amp;previous_page_section_name=1000&amp;search_id=9687dd7e-d776-dbf1-d4cd-67938ca4415e&amp;federated_search_id=b3e74454-d4b5-45c1-b33a-8746fee0ebe1
33,13866238,Queen bed/ Private Room № 3. Cam.,76,4.95,92,https://www.airbnb.com/rooms/18477382?location=Los%20Angeles%2C%20CA&amp;adults=2&amp;check_in=2019-12-25&amp;check_out=2019-12-26&amp;previous_page_section_name=1000&amp;search_id=9687dd7e-d776-dbf1-d4cd-67938ca4415e&amp;federated_search_id=b3e74454-d4b5-45c1-b33a-8746fee0ebe1
34,38385812,U5 Private room w/ 24 hour self check in- downtown,73,4.81,35,https://www.airbnb.com/rooms/20457049?location=Los%20Angeles%2C%20CA&amp;adults=2&amp;check_in=2019-12-25&amp;check_out=2019-12-26&amp;previous_page_section_name=1000&amp;search_id=9687dd7e-d776-dbf1-d4cd-67938ca4415e&amp;federated_search_id=b3e74454-d4b5-45c1-b33a-8746fee0ebe1
35,18477382,Cozy master bedroom with bathroom,56,0,178,https://www.airbnb.com/rooms/31570547?location=Los%20Angeles%2C%20CA&amp;adults=2&amp;check_in=2019-12-25&amp;check_out=2019-12-26&amp;previous_page_section_name=1000&amp;search_id=9df8ca45-2618-2582-c9d1-36f6e5b8e2e3&amp;federated_search_id=627400be-f4b1-4025-8b5c-da55b7254cde
36,40235146,3.D SHARED PLACE BEHIND THE SHELF NEAR UNIVERSAL,39,4.67,8,https://www.airbnb.com/rooms/40704558?location=Los%20Angeles%2C%20CA&amp;adults=2&amp;check_in=2019-12-25&amp;check_out=2019-12-26&amp;previous_page_section_name=1000&amp;search_id=9df8ca45-2618-2582-c9d1-36f6e5b8e2e3&amp;federated_search_id=627400be-f4b1-4025-8b5c-da55b7254cde
37,20457049,Apartment 1 Bedroom near LAX and Mannahattan Beach,59,0,104,https://www.airbnb.com/rooms/26167094?location=Los%20Angeles%2C%20CA&amp;adults=2&amp;check_in=2019-12-25&amp;check_out=2019-12-26&amp;previous_page_section_name=1000&amp;search_id=9df8ca45-2618-2582-c9d1-36f6e5b8e2e3&amp;federated_search_id=627400be-f4b1-4025-8b5c-da55b7254cde
38,35270270,"❤️1-1, Private room. Near USC, Exposition park!!!",40,4.86,24,https://www.airbnb.com/rooms/19198409?location=Los%20Angeles%2C%20CA&amp;adults=2&amp;check_in=2019-12-25&amp;check_out=2019-12-26&amp;previous_page_section_name=1000&amp;search_id=9df8ca45-2618-2582-c9d1-36f6e5b8e2e3&amp;federated_search_id=627400be-f4b1-4025-8b5c-da55b7254cde
39,40775642,"Private, Quiet, Spacious 1Br Hollywood Hills Suite",72,4.83,0,https://www.airbnb.com/rooms/5184818?location=Los%20Angeles%2C%20CA&amp;adults=2&amp;check_in=2019-12-25&amp;check_out=2019-12-26&amp;previous_page_section_name=1000&amp;search_id=9df8ca45-2618-2582-c9d1-36f6e5b8e2e3&amp;federated_search_id=627400be-f4b1-4025-8b5c-da55b7254cde
40,13823767,A Sound Sleep on Kingsize Bed with inside Bathroom,15,5.0,339,https://www.airbnb.com/rooms/19573785?location=Los%20Angeles%2C%20CA&amp;adults=2&amp;check_in=2019-12-25&amp;check_out=2019-12-26&amp;previous_page_section_name=1000&amp;search_id=9df8ca45-2618-2582-c9d1-36f6e5b8e2e3&amp;federated_search_id=627400be-f4b1-4025-8b5c-da55b7254cde
41,32902372,••••~*Serene Hollywood Side House*~••••,59,4.14,18,https://www.airbnb.com/rooms/25135484?location=Los%20Angeles%2C%20CA&amp;adults=2&amp;check_in=2019-12-25&amp;check_out=2019-12-26&amp;previous_page_section_name=1000&amp;search_id=9df8ca45-2618-2582-c9d1-36f6e5b8e2e3&amp;federated_search_id=627400be-f4b1-4025-8b5c-da55b7254cde
42,34227674,San Gabriel 独立洗手间一楼D房密码锁入住..步行十分钟希尔顿酒店,43,4.80,8,https://www.airbnb.com/rooms/14984250?location=Los%20Angeles%2C%20CA&amp;adults=2&amp;check_in=2019-12-25&amp;check_out=2019-12-26&amp;previous_page_section_name=1000&amp;search_id=9df8ca45-2618-2582-c9d1-36f6e5b8e2e3&amp;federated_search_id=627400be-f4b1-4025-8b5c-da55b7254cde
43,5208021,"Private BDR / BATH, West LA fast internet",90,0,44,https://www.airbnb.com/rooms/39833870?location=Los%20Angeles%2C%20CA&amp;adults=2&amp;check_in=2019-12-25&amp;check_out=2019-12-26&amp;previous_page_section_name=1000&amp;search_id=9df8ca45-2618-2582-c9d1-36f6e5b8e2e3&amp;federated_search_id=627400be-f4b1-4025-8b5c-da55b7254cde
44,39599271,cozy studio #8,49,0,6,https://www.airbnb.com/rooms/20457049?location=Los%20Angeles%2C%20CA&amp;adults=2&amp;check_in=2019-12-25&amp;check_out=2019-12-26&amp;previous_page_section_name=1000&amp;search_id=9df8ca45-2618-2582-c9d1-36f6e5b8e2e3&amp;federated_search_id=627400be-f4b1-4025-8b5c-da55b7254cde
45,26894049,Two Bedroom Apartment in Arts Community,99,4.54,124,https://www.airbnb.com/rooms/18477382?location=Los%20Angeles%2C%20CA&amp;adults=2&amp;check_in=2019-12-25&amp;check_out=2019-12-26&amp;previous_page_section_name=1000&amp;search_id=9df8ca45-2618-2582-c9d1-36f6e5b8e2e3&amp;federated_search_id=627400be-f4b1-4025-8b5c-da55b7254cde
46,32986692,Super luxury West Hollywood Apartment,120,4.70,48,https://www.airbnb.com/rooms/2357443?location=Los%20Angeles%2C%20CA&amp;adults=2&amp;check_in=2019-12-25&amp;check_out=2019-12-26&amp;previous_page_section_name=1000&amp;search_id=9df8ca45-2618-2582-c9d1-36f6e5b8e2e3&amp;federated_search_id=627400be-f4b1-4025-8b5c-da55b7254cde
47,35710491,The Den,69,4.78,45,https://www.airbnb.com/rooms/40235146?location=Los%20Angeles%2C%20CA&amp;adults=2&amp;check_in=2019-12-25&amp;check_out=2019-12-26&amp;previous_page_section_name=1000&amp;search_id=9df8ca45-2618-2582-c9d1-36f6e5b8e2e3&amp;federated_search_id=627400be-f4b1-4025-8b5c-da55b7254cde
48,20056941,RENOVATED INDUSTRIAL LOFT BY DREAM HOTEL HOLLYWOOD,81,5.0,97,https://www.airbnb.com/rooms/27291841?location=Los%20Angeles%2C%20CA&amp;adults=2&amp;check_in=2019-12-25&amp;check_out=2019-12-26&amp;previous_page_section_name=1000&amp;search_id=9df8ca45-2618-2582-c9d1-36f6e5b8e2e3&amp;federated_search_id=627400be-f4b1-4025-8b5c-da55b7254cde
49,4339227,Charming NoHo studio With  Private entrance,74,5.0,144,https://www.airbnb.com/rooms/37878744?location=Los%20Angeles%2C%20CA&amp;adults=2&amp;check_in=2019-12-25&amp;check_out=2019-12-26&amp;previous_page_section_name=1000&amp;search_id=9df8ca45-2618-2582-c9d1-36f6e5b8e2e3&amp;federated_search_id=627400be-f4b1-4025-8b5c-da55b7254cde
50,33250843,*New Studio Loft w/ Private Bathroom & Backyard,74,4.70,96,https://www.airbnb.com/rooms/20056941?location=Los%20Angeles%2C%20CA&amp;adults=2&amp;check_in=2019-12-25&amp;check_out=2019-12-26&amp;previous_page_section_name=1000&amp;search_id=9df8ca45-2618-2582-c9d1-36f6e5b8e2e3&amp;federated_search_id=627400be-f4b1-4025-8b5c-da55b7254cde
51,39771085,Large Private Bedroom in a Lovely Home in Prime LA,60,4.75,137,https://www.airbnb.com/rooms/35680170?location=Los%20Angeles%2C%20CA&amp;adults=2&amp;check_in=2019-12-25&amp;check_out=2019-12-26&amp;previous_page_section_name=1000&amp;search_id=386da28f-27ee-be7b-5944-27d82f84c3e4&amp;federated_search_id=5b5df0cf-cd5e-4919-96c8-595d342ba6b5
52,9824768,A Sound Sleep on Kingsize Bed with inside Bathroom,87,4.82,260,https://www.airbnb.com/rooms/13823767?location=Los%20Angeles%2C%20CA&amp;adults=2&amp;check_in=2019-12-25&amp;check_out=2019-12-26&amp;previous_page_section_name=1000&amp;search_id=386da28f-27ee-be7b-5944-27d82f84c3e4&amp;federated_search_id=5b5df0cf-cd5e-4919-96c8-595d342ba6b5
53,21610621,Queen bed/ Private Room № 3. Cam.,42,0,178,https://www.airbnb.com/rooms/40307263?location=Los%20Angeles%2C%20CA&amp;adults=2&amp;check_in=2019-12-25&amp;check_out=2019-12-26&amp;previous_page_section_name=1000&amp;search_id=386da28f-27ee-be7b-5944-27d82f84c3e4&amp;federated_search_id=5b5df0cf-cd5e-4919-96c8-595d342ba6b5
54,24338145,"Private room & bathroom. Near LAX, Beaches, shops",55,4.91,111,https://www.airbnb.com/rooms/23998602?location=Los%20Angeles%2C%20CA&amp;adults=2&amp;check_in=2019-12-25&amp;check_out=2019-12-26&amp;previous_page_section_name=1000&amp;search_id=386da28f-27ee-be7b-5944-27d82f84c3e4&amp;federated_search_id=5b5df0cf-cd5e-4919-96c8-595d342ba6b5
55,31053254,Charming NoHo studio With  Private entrance,72,4.83,72,https://www.airbnb.com/rooms/4339227?location=Los%20Angeles%2C%20CA&amp;adults=2&amp;check_in=2019-12-25&amp;check_out=2019-12-26&amp;previous_page_section_name=1000&amp;search_id=386da28f-27ee-be7b-5944-27d82f84c3e4&amp;federated_search_id=5b5df0cf-cd5e-4919-96c8-595d342ba6b5
56,30858845,Venice Beach Dream Life Like Locals next the Beach,108,4.25,286,https://www.airbnb.com/rooms/40235146?location=Los%20Angeles%2C%20CA&amp;adults=2&amp;check_in=2019-12-25&amp;check_out=2019-12-26&amp;previous_page_section_name=1000&amp;search_id=386da28f-27ee-be7b-5944-27d82f84c3e4&amp;federated_search_id=5b5df0cf-cd5e-4919-96c8-595d342ba6b5
57,24312164,Cozy master bedroom with bathroom,99,4.80,9,https://www.airbnb.com/rooms/18477382?location=Los%20Angeles%2C%20CA&amp;adults=2&amp;check_in=2019-12-25&amp;check_out=2019-12-26&amp;previous_page_section_name=1000&amp;search_id=386da28f-27ee-be7b-5944-27d82f84c3e4&amp;federated_search_id=5b5df0cf-cd5e-4919-96c8-595d342ba6b5
58,14805561,700Sqft Venice Apartment,115,0,0,https://www.airbnb.com/rooms/40753983?location=Los%20Angeles%2C%20CA&amp;adults=2&amp;check_in=2019-12-25&amp;check_out=2019-12-26&amp;previous_page_section_name=1000&amp;search_id=386da28f-27ee-be7b-5944-27d82f84c3e4&amp;federated_search_id=5b5df0cf-cd5e-4919-96c8-595d342ba6b5
59,37878744,Eco-Villa's Suite,72,4.94,125,https://www.airbnb.com/rooms/38488177?location=Los%20Angeles%2C%20CA&amp;adults=2&amp;check_in=2019-12-25&amp;check_out=2019-12-26&amp;previous_page_section_name=1000&amp;search_id=386da28f-27ee-be7b-5944-27d82f84c3e4&amp;federated_search_id=5b5df0cf-cd5e-4919-96c8-595d342ba6b5
60,21581385,"Walk to Disney 2 bedroom/1bath, w kitchen, laundry",59,4.55,35,https://www.airbnb.com/rooms/34367154?location=Los%20Angeles%2C%20CA&amp;adults=2&amp;check_in=2019-12-25&amp;check_out=2019-12-26&amp;previous_page_section_name=1000&amp;search_id=386da28f-27ee-be7b-5944-27d82f84c3e4&amp;federated_search_id=5b5df0cf-cd5e-4919-96c8-595d342ba6b5
61,14984250,"Private room, spacious, quiet neighborhood",59,4.91,23,https://www.airbnb.com/rooms/15179890?location=Los%20Angeles%2C%20CA&amp;adults=2&amp;check_in=2019-12-25&amp;check_out=2019-12-26&amp;previous_page_section_name=1000&amp;search_id=386da28f-27ee-be7b-5944-27d82f84c3e4&amp;federated_search_id=5b5df0cf-cd5e-4919-96c8-595d342ba6b5
62,17905019,BEAUTIFUL LUXURY STAY DTLA,138,4.70,248,https://www.airbnb.com/rooms/17905019?location=Los%20Angeles%2C%20CA&amp;adults=2&amp;check_in=2019-12-25&amp;check_out=2019-12-26&amp;previous_page_section_name=1000&amp;search_id=d8dea5c2-67a8-a592-54e0-37af2f0c2277&amp;federated_search_id=ec141356-f24e-43ed-820b-75024b9350c5
63,38494821,308-Industrial Style Cozy Studio by DTLA  4ppl,40,0,23,https://www.airbnb.com/rooms/40162653?location=Los%20Angeles%2C%20CA&amp;adults=2&amp;check_in=2019-12-25&amp;check_out=2019-12-26&amp;previous_page_section_name=1000&amp;search_id=d8dea5c2-67a8-a592-54e0-37af2f0c2277&amp;federated_search_id=ec141356-f24e-43ed-820b-75024b9350c5
64,22215734,The Den,49,4.44,45,https://www.airbnb.com/rooms/21581385?location=Los%20Angeles%2C%20CA&amp;adults=2&amp;check_in=2019-12-25&amp;check_out=2019-12-26&amp;previous_page_section_name=1000&amp;search_id=d8dea5c2-67a8-a592-54e0-37af2f0c2277&amp;federated_search_id=ec141356-f24e-43ed-820b-75024b9350c5
65,39965050,Hollywood Resort Life - Luxe Studio @ Walk of Fame,159,4.82,0,https://www.airbnb.com/rooms/29079022?location=Los%20Angeles%2C%20CA&amp;adults=2&amp;check_in=2019-12-25&amp;check_out=2019-12-26&amp;previous_page_section_name=1000&amp;search_id=d8dea5c2-67a8-a592-54e0-37af2f0c2277&amp;federated_search_id=ec141356-f24e-43ed-820b-75024b9350c5
66,5184818,RENOVATED INDUSTRIAL LOFT BY DREAM HOTEL HOLLYWOOD,183,4.86,97,https://www.airbnb.com/rooms/24853223?location=Los%20Angeles%2C%20CA&amp;adults=2&amp;check_in=2019-12-25&amp;check_out=2019-12-26&amp;previous_page_section_name=1000&amp;search_id=d8dea5c2-67a8-a592-54e0-37af2f0c2277&amp;federated_search_id=ec141356-f24e-43ed-820b-75024b9350c5
67,13982111,Cozy private room & bath with it's  own entrance.,60,4.89,151,https://www.airbnb.com/rooms/967783?location=Los%20Angeles%2C%20CA&amp;adults=2&amp;check_in=2019-12-25&amp;check_out=2019-12-26&amp;previous_page_section_name=1000&amp;search_id=d8dea5c2-67a8-a592-54e0-37af2f0c2277&amp;federated_search_id=ec141356-f24e-43ed-820b-75024b9350c5
68,30048816,Luxury Modern Spacious Private Room,60,4.91,0,https://www.airbnb.com/rooms/25542862?location=Los%20Angeles%2C%20CA&amp;adults=2&amp;check_in=2019-12-25&amp;check_out=2019-12-26&amp;previous_page_section_name=1000&amp;search_id=d8dea5c2-67a8-a592-54e0-37af2f0c2277&amp;federated_search_id=ec141356-f24e-43ed-820b-75024b9350c5
69,39775029,Master-bedroom3 in townhouse. Close by Downtown LA,139,4.94,55,https://www.airbnb.com/rooms/30858845?location=Los%20Angeles%2C%20CA&amp;adults=2&amp;check_in=2019-12-25&amp;check_out=2019-12-26&amp;previous_page_section_name=1000&amp;search_id=d8dea5c2-67a8-a592-54e0-37af2f0c2277&amp;federated_search_id=ec141356-f24e-43ed-820b-75024b9350c5
70,31085930,"Guest Suite, Private Ent., 5 min LAX, Westchester",99,4.67,402,https://www.airbnb.com/rooms/39567922?location=Los%20Angeles%2C%20CA&amp;adults=2&amp;check_in=2019-12-25&amp;check_out=2019-12-26&amp;previous_page_section_name=1000&amp;search_id=d8dea5c2-67a8-a592-54e0-37af2f0c2277&amp;federated_search_id=ec141356-f24e-43ed-820b-75024b9350c5
71,4211269,Natural Light Guest Space,199,0,52,https://www.airbnb.com/rooms/39965050?location=Los%20Angeles%2C%20CA&amp;adults=2&amp;check_in=2019-12-25&amp;check_out=2019-12-26&amp;previous_page_section_name=1000&amp;search_id=d8dea5c2-67a8-a592-54e0-37af2f0c2277&amp;federated_search_id=ec141356-f24e-43ed-820b-75024b9350c5
72,40307263,Luxurious Tiki Resort Apartment/ Convention Center,83,4.96,176,https://www.airbnb.com/rooms/33717087?location=Los%20Angeles%2C%20CA&amp;adults=2&amp;check_in=2019-12-25&amp;check_out=2019-12-26&amp;previous_page_section_name=1000&amp;search_id=d8dea5c2-67a8-a592-54e0-37af2f0c2277&amp;federated_search_id=ec141356-f24e-43ed-820b-75024b9350c5
73,16303125,"SUPA DUPA MASTERBDRM ROOFTOP POOL,GYM,SAUNA,PARKNG",100,4.85,40,https://www.airbnb.com/rooms/13637456?location=Los%20Angeles%2C%20CA&amp;adults=2&amp;check_in=2019-12-25&amp;check_out=2019-12-26&amp;previous_page_section_name=1000&amp;search_id=d8dea5c2-67a8-a592-54e0-37af2f0c2277&amp;federated_search_id=ec141356-f24e-43ed-820b-75024b9350c5
74,33834286,#2 Air-conditioned room ❊ walk to downtown LA,65,4.71,189,https://www.airbnb.com/rooms/39771085?location=Los%20Angeles%2C%20CA&amp;adults=2&amp;check_in=2019-12-25&amp;check_out=2019-12-26&amp;previous_page_section_name=1000&amp;search_id=d8dea5c2-67a8-a592-54e0-37af2f0c2277&amp;federated_search_id=ec141356-f24e-43ed-820b-75024b9350c5
75,39222924,Entire Renovated and Clean Apartment Close to DTLA,116,4.82,117,https://www.airbnb.com/rooms/24338145?location=Los%20Angeles%2C%20CA&amp;adults=2&amp;check_in=2019-12-25&amp;check_out=2019-12-26&amp;previous_page_section_name=1000&amp;search_id=d8dea5c2-67a8-a592-54e0-37af2f0c2277&amp;federated_search_id=ec141356-f24e-43ed-820b-75024b9350c5
76,39833870,Prime Location Hollywood Hills Stunning Views,47,4.55,341,https://www.airbnb.com/rooms/34367154?location=Los%20Angeles%2C%20CA&amp;adults=2&amp;check_in=2019-12-25&amp;check_out=2019-12-26&amp;previous_page_section_name=1000&amp;search_id=d8dea5c2-67a8-a592-54e0-37af2f0c2277&amp;federated_search_id=ec141356-f24e-43ed-820b-75024b9350c5
77,19123987,Touch of Big Sur near Venice Beach,44,4.86,298,https://www.airbnb.com/rooms/16493077?location=Los%20Angeles%2C%20CA&amp;adults=2&amp;check_in=2019-12-25&amp;check_out=2019-12-26&amp;previous_page_section_name=1000&amp;search_id=d8dea5c2-67a8-a592-54e0-37af2f0c2277&amp;federated_search_id=ec141356-f24e-43ed-820b-75024b9350c5
78,38978918,Join the Hip Crowd at a Sun-Drenched Rooftop Bar,80,4.85,8,https://www.airbnb.com/rooms/28289822?location=Los%20Angeles%2C%20CA&amp;adults=2&amp;check_in=2019-12-25&amp;check_out=2019-12-26&amp;previous_page_section_name=1000&amp;search_id=ec9f051f-5bdc-e24d-c8ed-44f1748cebad&amp;federated_search_id=8b70bd68-fca5-4f3b-b200-b510aa00b884
79,39567922,步行到公园 Quiet & Clean private room Safe neighborhood,183,4.81,9,https://www.airbnb.com/rooms/4211269?location=Los%20Angeles%2C%20CA&amp;adults=2&amp;check_in=2019-12-25&amp;check_out=2019-12-26&amp;previous_page_section_name=1000&amp;search_id=ec9f051f-5bdc-e24d-c8ed-44f1748cebad&amp;federated_search_id=8b70bd68-fca5-4f3b-b200-b510aa00b884
80,40409269,Hollywood Hills Prime Studio~Washer&Dryer+ Pool*,123,4.67,0,https://www.airbnb.com/rooms/39567922?location=Los%20Angeles%2C%20CA&amp;adults=2&amp;check_in=2019-12-25&amp;check_out=2019-12-26&amp;previous_page_section_name=1000&amp;search_id=ec9f051f-5bdc-e24d-c8ed-44f1748cebad&amp;federated_search_id=8b70bd68-fca5-4f3b-b200-b510aa00b884
81,11950632,Hollywood Central Suite~Comfy* Pool+Gym,43,0,189,https://www.airbnb.com/rooms/40409269?location=Los%20Angeles%2C%20CA&amp;adults=2&amp;check_in=2019-12-25&amp;check_out=2019-12-26&amp;previous_page_section_name=1000&amp;search_id=ec9f051f-5bdc-e24d-c8ed-44f1748cebad&amp;federated_search_id=8b70bd68-fca5-4f3b-b200-b510aa00b884
82,27291841,NEW ! Cozy Chanel Studio in the heart of Hollywood,61,4.97,98,https://www.airbnb.com/rooms/plus/16651582?location=Los%20Angeles%2C%20CA&amp;adults=2&amp;check_in=2019-12-25&amp;check_out=2019-12-26&amp;previous_page_section_name=1000&amp;search_id=ec9f051f-5bdc-e24d-c8ed-44f1748cebad&amp;federated_search_id=8b70bd68-fca5-4f3b-b200-b510aa00b884
83,37091308,COZY GUEST HOUSE in Whittier/ LA/OC,257,4.75,23,https://www.airbnb.com/rooms/35680170?location=Los%20Angeles%2C%20CA&amp;adults=2&amp;check_in=2019-12-25&amp;check_out=2019-12-26&amp;previous_page_section_name=1000&amp;search_id=ec9f051f-5bdc-e24d-c8ed-44f1748cebad&amp;federated_search_id=8b70bd68-fca5-4f3b-b200-b510aa00b884
84,40448691,"5 min to LAX, Private Entrance, Studio Apartment",160,0,0,https://www.airbnb.com/rooms/40766094?location=Los%20Angeles%2C%20CA&amp;adults=2&amp;check_in=2019-12-25&amp;check_out=2019-12-26&amp;previous_page_section_name=1000&amp;search_id=ec9f051f-5bdc-e24d-c8ed-44f1748cebad&amp;federated_search_id=8b70bd68-fca5-4f3b-b200-b510aa00b884
85,40640151,Los Angeles Studio 31,86,4.84,0,https://www.airbnb.com/rooms/5208021?location=Los%20Angeles%2C%20CA&amp;adults=2&amp;check_in=2019-12-25&amp;check_out=2019-12-26&amp;previous_page_section_name=1000&amp;search_id=ec9f051f-5bdc-e24d-c8ed-44f1748cebad&amp;federated_search_id=8b70bd68-fca5-4f3b-b200-b510aa00b884
86,40408492,Amazing view in Studio city,85,0,0,https://www.airbnb.com/rooms/37664330?location=Los%20Angeles%2C%20CA&amp;adults=2&amp;check_in=2019-12-25&amp;check_out=2019-12-26&amp;previous_page_section_name=1000&amp;search_id=ec9f051f-5bdc-e24d-c8ed-44f1748cebad&amp;federated_search_id=8b70bd68-fca5-4f3b-b200-b510aa00b884
87,67843,STUDIO 31 ~ Bunk Beds! 5 min to Subway ~ Koreatown,146,4.61,0,https://www.airbnb.com/rooms/29613837?location=Los%20Angeles%2C%20CA&amp;adults=2&amp;check_in=2019-12-25&amp;check_out=2019-12-26&amp;previous_page_section_name=1000&amp;search_id=ec9f051f-5bdc-e24d-c8ed-44f1748cebad&amp;federated_search_id=8b70bd68-fca5-4f3b-b200-b510aa00b884
88,37664330,U5 Private room w/ 24 hour self check in- downtown,72,4.84,0,https://www.airbnb.com/rooms/27291841?location=Los%20Angeles%2C%20CA&amp;adults=2&amp;check_in=2019-12-25&amp;check_out=2019-12-26&amp;previous_page_section_name=1000&amp;search_id=ec9f051f-5bdc-e24d-c8ed-44f1748cebad&amp;federated_search_id=8b70bd68-fca5-4f3b-b200-b510aa00b884
89,26362417,Private Bedroom In A Modern Decor Home Near Shore,168,4.84,0,https://www.airbnb.com/rooms/29222042?location=Los%20Angeles%2C%20CA&amp;adults=2&amp;check_in=2019-12-25&amp;check_out=2019-12-26&amp;previous_page_section_name=1000&amp;search_id=ec9f051f-5bdc-e24d-c8ed-44f1748cebad&amp;federated_search_id=8b70bd68-fca5-4f3b-b200-b510aa00b884
90,33717087,"Nice, cozy studio in the heart of Glendale.",114,4.17,228,https://www.airbnb.com/rooms/19088723?location=Los%20Angeles%2C%20CA&amp;adults=2&amp;check_in=2019-12-25&amp;check_out=2019-12-26&amp;previous_page_section_name=1000&amp;search_id=b8a3cf3a-29d2-a7e5-50a0-5e324e03a2e3&amp;federated_search_id=5f1f7df6-5fdb-4f54-9b40-3edcfb928c77
91,24679423,New Cozy & Charming Highland Park Bungalow,70,0,20,https://www.airbnb.com/rooms/28175123?location=Los%20Angeles%2C%20CA&amp;adults=2&amp;check_in=2019-12-25&amp;check_out=2019-12-26&amp;previous_page_section_name=1000&amp;search_id=b8a3cf3a-29d2-a7e5-50a0-5e324e03a2e3&amp;federated_search_id=5f1f7df6-5fdb-4f54-9b40-3edcfb928c77
92,29154842,Los Angeles Studio 31,104,0,10,https://www.airbnb.com/rooms/40763602?location=Los%20Angeles%2C%20CA&amp;adults=2&amp;check_in=2019-12-25&amp;check_out=2019-12-26&amp;previous_page_section_name=1000&amp;search_id=b8a3cf3a-29d2-a7e5-50a0-5e324e03a2e3&amp;federated_search_id=5f1f7df6-5fdb-4f54-9b40-3edcfb928c77
93,40654941,"5 min to LAX, Private Entrance, Studio Apartment",135,4.31,6,https://www.airbnb.com/rooms/18012892?location=Los%20Angeles%2C%20CA&amp;adults=2&amp;check_in=2019-12-25&amp;check_out=2019-12-26&amp;previous_page_section_name=1000&amp;search_id=b8a3cf3a-29d2-a7e5-50a0-5e324e03a2e3&amp;federated_search_id=5f1f7df6-5fdb-4f54-9b40-3edcfb928c77
94,4746568,Comfy Cozy Casa,114,4.90,0,https://www.airbnb.com/rooms/39058427?location=Los%20Angeles%2C%20CA&amp;adults=2&amp;check_in=2019-12-25&amp;check_out=2019-12-26&amp;previous_page_section_name=1000&amp;search_id=b8a3cf3a-29d2-a7e5-50a0-5e324e03a2e3&amp;federated_search_id=5f1f7df6-5fdb-4f54-9b40-3edcfb928c77
95,36181284,"Cozy Studio in East LA, 10 min from DTLA",50,4.26,20,https://www.airbnb.com/rooms/31084665?location=Los%20Angeles%2C%20CA&amp;adults=2&amp;check_in=2019-12-25&amp;check_out=2019-12-26&amp;previous_page_section_name=1000&amp;search_id=b8a3cf3a-29d2-a7e5-50a0-5e324e03a2e3&amp;federated_search_id=5f1f7df6-5fdb-4f54-9b40-3edcfb928c77
96,39796735,Private room Queen bed № 2. Cam.,73,4.67,17,https://www.airbnb.com/rooms/14054436?location=Los%20Angeles%2C%20CA&amp;adults=2&amp;check_in=2019-12-25&amp;check_out=2019-12-26&amp;previous_page_section_name=1000&amp;search_id=b8a3cf3a-29d2-a7e5-50a0-5e324e03a2e3&amp;federated_search_id=5f1f7df6-5fdb-4f54-9b40-3edcfb928c77
97,26105918,Comfort & Luxury ( Back-House ) 5 mins from LAX,102,4.69,144,https://www.airbnb.com/rooms/35643040?location=Los%20Angeles%2C%20CA&amp;adults=2&amp;check_in=2019-12-25&amp;check_out=2019-12-26&amp;previous_page_section_name=1000&amp;search_id=b8a3cf3a-29d2-a7e5-50a0-5e324e03a2e3&amp;federated_search_id=5f1f7df6-5fdb-4f54-9b40-3edcfb928c77
98,38520587,Studio Near LAX & New Rams Stadium & The Forum,95,0,221,https://www.airbnb.com/rooms/40162653?location=Los%20Angeles%2C%20CA&amp;adults=2&amp;check_in=2019-12-25&amp;check_out=2019-12-26&amp;previous_page_section_name=1000&amp;search_id=b8a3cf3a-29d2-a7e5-50a0-5e324e03a2e3&amp;federated_search_id=5f1f7df6-5fdb-4f54-9b40-3edcfb928c77
99,31570547,pierA,116,4.96,32,https://www.airbnb.com/rooms/35522378?location=Los%20Angeles%2C%20CA&amp;adults=2&amp;check_in=2019-12-25&amp;check_out=2019-12-26&amp;previous_page_section_name=1000&amp;search_id=b8a3cf3a-29d2-a7e5-50a0-5e324e03a2e3&amp;federated_search_id=5f1f7df6-5fdb-4f54-9b40-3edcfb928c77
100,6303827,Hollywood Central Suite~Comfy* Pool+Gym,50,4.45,290,https://www.airbnb.com/rooms/2357443?location=Los%20Angeles%2C%20CA&amp;adults=2&amp;check_in=2019-12-25&amp;check_out=2019-12-26&amp;previous_page_section_name=1000&amp;search_id=b8a3cf3a-29d2-a7e5-50a0-5e324e03a2e3&amp;federated_search_id=5f1f7df6-5fdb-4f54-9b40-3edcfb928c77
101,40241031,Peaceful home #3 中文房東,115,4.83,0,https://www.airbnb.com/rooms/plus/16651582?location=Los%20Angeles%2C%20CA&amp;adults=2&amp;check_in=2019-12-25&amp;check_out=2019-12-26&amp;previous_page_section_name=1000&amp;search_id=b8a3cf3a-29d2-a7e5-50a0-5e324e03a2e3&amp;federated_search_id=5f1f7df6-5fdb-4f54-9b40-3edcfb928c77
102,17302731,HEART of LA VENETIAN (Master Bedroom) W/Breakfast,69,4.68,191,https://www.airbnb.com/rooms/17302731?location=Los%20Angeles%2C%20CA&amp;adults=2&amp;check_in=2019-12-25&amp;check_out=2019-12-26&amp;previous_page_section_name=1000&amp;search_id=08e4daa3-2cd8-1c1c-9e46-7118e3fbcc53&amp;federated_search_id=ec0c711d-5d03-41e3-926d-c709d0ce1807
103,33457255,So-Cal Go Anywhere Do What You Want To Do Retreat,65,4.55,44,https://www.airbnb.com/rooms/33457255?location=Los%20Angeles%2C%20CA&amp;adults=2&amp;check_in=2019-12-25&amp;check_out=2019-12-26&amp;previous_page_section_name=1000&amp;search_id=08e4daa3-2cd8-1c1c-9e46-7118e3fbcc53&amp;federated_search_id=ec0c711d-5d03-41e3-926d-c709d0ce1807
104,24717563,002 Clean and bright,60,4.53,98,https://www.airbnb.com/rooms/24717563?location=Los%20Angeles%2C%20CA&amp;adults=2&amp;check_in=2019-12-25&amp;check_out=2019-12-26&amp;previous_page_section_name=1000&amp;search_id=08e4daa3-2cd8-1c1c-9e46-7118e3fbcc53&amp;federated_search_id=ec0c711d-5d03-41e3-926d-c709d0ce1807
105,38753113,CHARMING ROOM 3 MILES FROM BEACH!,99,0,0,https://www.airbnb.com/rooms/38753113?location=Los%20Angeles%2C%20CA&amp;adults=2&amp;check_in=2019-12-25&amp;check_out=2019-12-26&amp;previous_page_section_name=1000&amp;search_id=08e4daa3-2cd8-1c1c-9e46-7118e3fbcc53&amp;federated_search_id=ec0c711d-5d03-41e3-926d-c709d0ce1807
106,6271245,"Private Room & Master Bath, Close to Everything!",83,4.96,228,https://www.airbnb.com/rooms/6271245?location=Los%20Angeles%2C%20CA&amp;adults=2&amp;check_in=2019-12-25&amp;check_out=2019-12-26&amp;previous_page_section_name=1000&amp;search_id=08e4daa3-2cd8-1c1c-9e46-7118e3fbcc53&amp;federated_search_id=ec0c711d-5d03-41e3-926d-c709d0ce1807
107,37433576,Los Angeles View Park beautiful home.,100,4.97,24,https://www.airbnb.com/rooms/37433576?location=Los%20Angeles%2C%20CA&amp;adults=2&amp;check_in=2019-12-25&amp;check_out=2019-12-26&amp;previous_page_section_name=1000&amp;search_id=08e4daa3-2cd8-1c1c-9e46-7118e3fbcc53&amp;federated_search_id=ec0c711d-5d03-41e3-926d-c709d0ce1807
108,37060401,Bachelor/Bachelorette apartment in Hollywood Hills,123,4.25,27,https://www.airbnb.com/rooms/37060401?location=Los%20Angeles%2C%20CA&amp;adults=2&amp;check_in=2019-12-25&amp;check_out=2019-12-26&amp;previous_page_section_name=1000&amp;search_id=08e4daa3-2cd8-1c1c-9e46-7118e3fbcc53&amp;federated_search_id=ec0c711d-5d03-41e3-926d-c709d0ce1807
109,36000988,Peaceful home #3 中文房東,99,4.82,17,https://www.airbnb.com/rooms/36000988?location=Los%20Angeles%2C%20CA&amp;adults=2&amp;check_in=2019-12-25&amp;check_out=2019-12-26&amp;previous_page_section_name=1000&amp;search_id=08e4daa3-2cd8-1c1c-9e46-7118e3fbcc53&amp;federated_search_id=ec0c711d-5d03-41e3-926d-c709d0ce1807
110,28175123,The Rooftop with Pool,53,4.63,96,https://www.airbnb.com/rooms/28175123?location=Los%20Angeles%2C%20CA&amp;adults=2&amp;check_in=2019-12-25&amp;check_out=2019-12-26&amp;previous_page_section_name=1000&amp;search_id=08e4daa3-2cd8-1c1c-9e46-7118e3fbcc53&amp;federated_search_id=ec0c711d-5d03-41e3-926d-c709d0ce1807
111,15165198,Private Room in WeHo Hills!,50,4.84,224,https://www.airbnb.com/rooms/15165198?location=Los%20Angeles%2C%20CA&amp;adults=2&amp;check_in=2019-12-25&amp;check_out=2019-12-26&amp;previous_page_section_name=1000&amp;search_id=08e4daa3-2cd8-1c1c-9e46-7118e3fbcc53&amp;federated_search_id=ec0c711d-5d03-41e3-926d-c709d0ce1807
112,40162653,The SunnySide - Stay on the Bright Side of Town,100,0,0,https://www.airbnb.com/rooms/40162653?location=Los%20Angeles%2C%20CA&amp;adults=2&amp;check_in=2019-12-25&amp;check_out=2019-12-26&amp;previous_page_section_name=1000&amp;search_id=08e4daa3-2cd8-1c1c-9e46-7118e3fbcc53&amp;federated_search_id=ec0c711d-5d03-41e3-926d-c709d0ce1807
113,37600457,Spacious 2 bed 2 bath apartment in Hollywood,138,0,20,https://www.airbnb.com/rooms/37600457?location=Los%20Angeles%2C%20CA&amp;adults=2&amp;check_in=2019-12-25&amp;check_out=2019-12-26&amp;previous_page_section_name=1000&amp;search_id=08e4daa3-2cd8-1c1c-9e46-7118e3fbcc53&amp;federated_search_id=ec0c711d-5d03-41e3-926d-c709d0ce1807
114,40759493,Sweet Home,63,4.83,0,https://www.airbnb.com/rooms/40759493?location=Los%20Angeles%2C%20CA&amp;adults=2&amp;check_in=2019-12-25&amp;check_out=2019-12-26&amp;previous_page_section_name=1000&amp;search_id=08e4daa3-2cd8-1c1c-9e46-7118e3fbcc53&amp;federated_search_id=ec0c711d-5d03-41e3-926d-c709d0ce1807
115,35717271,Cinema Suites Bed and Breakfast  - The Small Room,70,4.67,20,https://www.airbnb.com/rooms/35717271?location=Los%20Angeles%2C%20CA&amp;adults=2&amp;check_in=2019-12-25&amp;check_out=2019-12-26&amp;previous_page_section_name=1000&amp;search_id=08e4daa3-2cd8-1c1c-9e46-7118e3fbcc53&amp;federated_search_id=ec0c711d-5d03-41e3-926d-c709d0ce1807
116,29613837,••••~*Serene Hollywood Side House*~••••,45,4.76,23,https://www.airbnb.com/rooms/29613837?location=Los%20Angeles%2C%20CA&amp;adults=2&amp;check_in=2019-12-25&amp;check_out=2019-12-26&amp;previous_page_section_name=1000&amp;search_id=08e4daa3-2cd8-1c1c-9e46-7118e3fbcc53&amp;federated_search_id=ec0c711d-5d03-41e3-926d-c709d0ce1807
117,13511388,Stunning NEW Modern Home - Private Bedroom,80,4.17,290,https://www.airbnb.com/rooms/13511388?location=Los%20Angeles%2C%20CA&amp;adults=2&amp;check_in=2019-12-25&amp;check_out=2019-12-26&amp;previous_page_section_name=1000&amp;search_id=08e4daa3-2cd8-1c1c-9e46-7118e3fbcc53&amp;federated_search_id=ec0c711d-5d03-41e3-926d-c709d0ce1807
118,21884962,Welcome to LAX private room number 5,45,4.55,71,https://www.airbnb.com/rooms/37855538?location=Los%20Angeles%2C%20CA&amp;adults=2&amp;check_in=2019-12-25&amp;check_out=2019-12-26&amp;previous_page_section_name=1000&amp;search_id=f48b4ebe-765c-3342-2014-bd74c83cf57f&amp;federated_search_id=ae54e41d-8402-4926-b725-d6cf90412247
119,35161096,Join the Hip Crowd at a Sun-Drenched Rooftop Bar,60,3.68,34,https://www.airbnb.com/rooms/40672108?location=Los%20Angeles%2C%20CA&amp;adults=2&amp;check_in=2019-12-25&amp;check_out=2019-12-26&amp;previous_page_section_name=1000&amp;search_id=f48b4ebe-765c-3342-2014-bd74c83cf57f&amp;federated_search_id=ae54e41d-8402-4926-b725-d6cf90412247
120,40182702,"The Hoxton DTLA, Cosy Room",64,0,0,https://www.airbnb.com/rooms/40654941?location=Los%20Angeles%2C%20CA&amp;adults=2&amp;check_in=2019-12-25&amp;check_out=2019-12-26&amp;previous_page_section_name=1000&amp;search_id=f48b4ebe-765c-3342-2014-bd74c83cf57f&amp;federated_search_id=ae54e41d-8402-4926-b725-d6cf90412247
121,20961166,Hollywood hills stunning best view,113,4.69,16,https://www.airbnb.com/rooms/31084665?location=Los%20Angeles%2C%20CA&amp;adults=2&amp;check_in=2019-12-25&amp;check_out=2019-12-26&amp;previous_page_section_name=1000&amp;search_id=f48b4ebe-765c-3342-2014-bd74c83cf57f&amp;federated_search_id=ae54e41d-8402-4926-b725-d6cf90412247
122,29827750,En-Suite & Spa - West LA (5 Min to Beverly Hills),81,4.77,35,https://www.airbnb.com/rooms/39614803?location=Los%20Angeles%2C%20CA&amp;adults=2&amp;check_in=2019-12-25&amp;check_out=2019-12-26&amp;previous_page_section_name=1000&amp;search_id=f48b4ebe-765c-3342-2014-bd74c83cf57f&amp;federated_search_id=ae54e41d-8402-4926-b725-d6cf90412247
123,13418404,★Awesome Mini Apt Located Near All LA Attractions★,95,4.97,334,https://www.airbnb.com/rooms/37917042?location=Los%20Angeles%2C%20CA&amp;adults=2&amp;check_in=2019-12-25&amp;check_out=2019-12-26&amp;previous_page_section_name=1000&amp;search_id=f48b4ebe-765c-3342-2014-bd74c83cf57f&amp;federated_search_id=ae54e41d-8402-4926-b725-d6cf90412247
124,29373491,Ultimate luxury awaits you by LAX,53,4.56,43,https://www.airbnb.com/rooms/39771085?location=Los%20Angeles%2C%20CA&amp;adults=2&amp;check_in=2019-12-25&amp;check_out=2019-12-26&amp;previous_page_section_name=1000&amp;search_id=f48b4ebe-765c-3342-2014-bd74c83cf57f&amp;federated_search_id=ae54e41d-8402-4926-b725-d6cf90412247
125,38488177,"1 Bdr Apt+Bonus Near Airport, Beach, & Downtown LA",99,0,0,https://www.airbnb.com/rooms/40309139?location=Los%20Angeles%2C%20CA&amp;adults=2&amp;check_in=2019-12-25&amp;check_out=2019-12-26&amp;previous_page_section_name=1000&amp;search_id=f48b4ebe-765c-3342-2014-bd74c83cf57f&amp;federated_search_id=ae54e41d-8402-4926-b725-d6cf90412247
126,34214249,Pasadena  room#6 private bathroom 时尚双人房,99,4.91,221,https://www.airbnb.com/rooms/33688423?location=Los%20Angeles%2C%20CA&amp;adults=2&amp;check_in=2019-12-25&amp;check_out=2019-12-26&amp;previous_page_section_name=1000&amp;search_id=f48b4ebe-765c-3342-2014-bd74c83cf57f&amp;federated_search_id=ae54e41d-8402-4926-b725-d6cf90412247
127,22498768,Southbay Hideaway: Garden Oasis featuring hot tub!,56,4.79,290,https://www.airbnb.com/rooms/40241031?location=Los%20Angeles%2C%20CA&amp;adults=2&amp;check_in=2019-12-25&amp;check_out=2019-12-26&amp;previous_page_section_name=1000&amp;search_id=f48b4ebe-765c-3342-2014-bd74c83cf57f&amp;federated_search_id=ae54e41d-8402-4926-b725-d6cf90412247
128,37970815,A Traveler's Paradise ~2 Bed/1.5 Bath~ Long Beach,80,4.87,82,https://www.airbnb.com/rooms/39176420?location=Los%20Angeles%2C%20CA&amp;adults=2&amp;check_in=2019-12-25&amp;check_out=2019-12-26&amp;previous_page_section_name=1000&amp;search_id=f48b4ebe-765c-3342-2014-bd74c83cf57f&amp;federated_search_id=ae54e41d-8402-4926-b725-d6cf90412247
129,18012892,Master bedroom in a house with beautiful city view,104,4.54,35,https://www.airbnb.com/rooms/23998602?location=Los%20Angeles%2C%20CA&amp;adults=2&amp;check_in=2019-12-25&amp;check_out=2019-12-26&amp;previous_page_section_name=1000&amp;search_id=f48b4ebe-765c-3342-2014-bd74c83cf57f&amp;federated_search_id=ae54e41d-8402-4926-b725-d6cf90412247
130,18278425,Modern Loft with Rooftop in Downtown LA,63,0,0,https://www.airbnb.com/rooms/plus/16651582?location=Los%20Angeles%2C%20CA&amp;adults=2&amp;check_in=2019-12-25&amp;check_out=2019-12-26&amp;previous_page_section_name=1000&amp;search_id=d95e51cb-386c-f766-6929-ed1dc9fdc004&amp;federated_search_id=fba52b71-07a4-41a7-a735-43f9ba288dd6
131,1025047,Tony's room-Spacious Master bedroom w private bath,257,4.41,136,https://www.airbnb.com/rooms/31085930?location=Los%20Angeles%2C%20CA&amp;adults=2&amp;check_in=2019-12-25&amp;check_out=2019-12-26&amp;previous_page_section_name=1000&amp;search_id=d95e51cb-386c-f766-6929-ed1dc9fdc004&amp;federated_search_id=fba52b71-07a4-41a7-a735-43f9ba288dd6
132,21284644,Beverly Hills Master Suit I with Private Bathroom,30,4.88,33,https://www.airbnb.com/rooms/23093274?location=Los%20Angeles%2C%20CA&amp;adults=2&amp;check_in=2019-12-25&amp;check_out=2019-12-26&amp;previous_page_section_name=1000&amp;search_id=d95e51cb-386c-f766-6929-ed1dc9fdc004&amp;federated_search_id=fba52b71-07a4-41a7-a735-43f9ba288dd6
133,21065928,Motel Room 2,80,4.26,236,https://www.airbnb.com/rooms/38978918?location=Los%20Angeles%2C%20CA&amp;adults=2&amp;check_in=2019-12-25&amp;check_out=2019-12-26&amp;previous_page_section_name=1000&amp;search_id=d95e51cb-386c-f766-6929-ed1dc9fdc004&amp;federated_search_id=fba52b71-07a4-41a7-a735-43f9ba288dd6
134,13496008,"The Hoxton DTLA, Cosy Room",117,0,0,https://www.airbnb.com/rooms/39599271?location=Los%20Angeles%2C%20CA&amp;adults=2&amp;check_in=2019-12-25&amp;check_out=2019-12-26&amp;previous_page_section_name=1000&amp;search_id=d95e51cb-386c-f766-6929-ed1dc9fdc004&amp;federated_search_id=fba52b71-07a4-41a7-a735-43f9ba288dd6
135,16493077,Arcadia!Location!,58,4.75,0,https://www.airbnb.com/rooms/35774599?location=Los%20Angeles%2C%20CA&amp;adults=2&amp;check_in=2019-12-25&amp;check_out=2019-12-26&amp;previous_page_section_name=1000&amp;search_id=d95e51cb-386c-f766-6929-ed1dc9fdc004&amp;federated_search_id=fba52b71-07a4-41a7-a735-43f9ba288dd6
136,28544248,Modern and Convenient in the Center of Hollywood,113,4.28,0,https://www.airbnb.com/rooms/39499579?location=Los%20Angeles%2C%20CA&amp;adults=2&amp;check_in=2019-12-25&amp;check_out=2019-12-26&amp;previous_page_section_name=1000&amp;search_id=d95e51cb-386c-f766-6929-ed1dc9fdc004&amp;federated_search_id=fba52b71-07a4-41a7-a735-43f9ba288dd6
137,16498576,SUPER DEAL the HEART of LA SUBWAY & POOL GYM BBQ,93,4.74,241,https://www.airbnb.com/rooms/40759493?location=Los%20Angeles%2C%20CA&amp;adults=2&amp;check_in=2019-12-25&amp;check_out=2019-12-26&amp;previous_page_section_name=1000&amp;search_id=d95e51cb-386c-f766-6929-ed1dc9fdc004&amp;federated_search_id=fba52b71-07a4-41a7-a735-43f9ba288dd6
138,37998331,Room for 5 ppl in downtown LA w/skyline views,69,4.25,181,https://www.airbnb.com/rooms/25359357?location=Los%20Angeles%2C%20CA&amp;adults=2&amp;check_in=2019-12-25&amp;check_out=2019-12-26&amp;previous_page_section_name=1000&amp;search_id=d95e51cb-386c-f766-6929-ed1dc9fdc004&amp;federated_search_id=fba52b71-07a4-41a7-a735-43f9ba288dd6
139,22484936,Cozy quiet room in Pasadena-very convenient place,120,4.69,233,https://www.airbnb.com/rooms/37878744?location=Los%20Angeles%2C%20CA&amp;adults=2&amp;check_in=2019-12-25&amp;check_out=2019-12-26&amp;previous_page_section_name=1000&amp;search_id=d95e51cb-386c-f766-6929-ed1dc9fdc004&amp;federated_search_id=fba52b71-07a4-41a7-a735-43f9ba288dd6
140,36913174,Prime Location 2 beds house Cozy w/ private garden,86,4.34,0,https://www.airbnb.com/rooms/38669837?location=Los%20Angeles%2C%20CA&amp;adults=2&amp;check_in=2019-12-25&amp;check_out=2019-12-26&amp;previous_page_section_name=1000&amp;search_id=d95e51cb-386c-f766-6929-ed1dc9fdc004&amp;federated_search_id=fba52b71-07a4-41a7-a735-43f9ba288dd6
141,21234077,PERFECT MASTER BEDROOM in HOLLYWOOD,69,4.62,0,https://www.airbnb.com/rooms/38494821?location=Los%20Angeles%2C%20CA&amp;adults=2&amp;check_in=2019-12-25&amp;check_out=2019-12-26&amp;previous_page_section_name=1000&amp;search_id=d95e51cb-386c-f766-6929-ed1dc9fdc004&amp;federated_search_id=fba52b71-07a4-41a7-a735-43f9ba288dd6
142,37885592,"The Skyline: Dtwn Long Beach, LAX, Metro, Disney",55,4.90,0,https://www.airbnb.com/rooms/29079975?location=Los%20Angeles%2C%20CA&amp;adults=2&amp;check_in=2019-12-25&amp;check_out=2019-12-26&amp;previous_page_section_name=1000&amp;search_id=d95e51cb-386c-f766-6929-ed1dc9fdc004&amp;federated_search_id=fba52b71-07a4-41a7-a735-43f9ba288dd6
143,20569792,FASCINATING DUPLEX 2BR+2.5BA IN HEART OF 3RD ST,115,4.68,0,https://www.airbnb.com/rooms/30426131?location=Los%20Angeles%2C%20CA&amp;adults=2&amp;check_in=2019-12-25&amp;check_out=2019-12-26&amp;previous_page_section_name=1000&amp;search_id=d95e51cb-386c-f766-6929-ed1dc9fdc004&amp;federated_search_id=fba52b71-07a4-41a7-a735-43f9ba288dd6
144,40262470,Charming Guest-House in Larchmont Village,50,4.47,27,https://www.airbnb.com/rooms/38722354?location=Los%20Angeles%2C%20CA&amp;adults=2&amp;check_in=2019-12-25&amp;check_out=2019-12-26&amp;previous_page_section_name=1000&amp;search_id=d95e51cb-386c-f766-6929-ed1dc9fdc004&amp;federated_search_id=fba52b71-07a4-41a7-a735-43f9ba288dd6
145,28029627,Hollywood Luxury Private Bedroom in Penthouse Apt,72,4.29,0,https://www.airbnb.com/rooms/38385812?location=Los%20Angeles%2C%20CA&amp;adults=2&amp;check_in=2019-12-25&amp;check_out=2019-12-26&amp;previous_page_section_name=1000&amp;search_id=33a11a19-776f-a971-ce4d-6e92a5a83c90&amp;federated_search_id=89a92709-96b2-4df7-92ce-3adfcbd3e76f
146,39614803,Newly remodeled studio in Culver City,50,4.86,100,https://www.airbnb.com/rooms/21242722?location=Los%20Angeles%2C%20CA&amp;adults=2&amp;check_in=2019-12-25&amp;check_out=2019-12-26&amp;previous_page_section_name=1000&amp;search_id=33a11a19-776f-a971-ce4d-6e92a5a83c90&amp;federated_search_id=89a92709-96b2-4df7-92ce-3adfcbd3e76f
147,40256236,One Private BedrooM,155,0,18,https://www.airbnb.com/rooms/36913174?location=Los%20Angeles%2C%20CA&amp;adults=2&amp;check_in=2019-12-25&amp;check_out=2019-12-26&amp;previous_page_section_name=1000&amp;search_id=33a11a19-776f-a971-ce4d-6e92a5a83c90&amp;federated_search_id=89a92709-96b2-4df7-92ce-3adfcbd3e76f
148,33917781,BEST 5 STAR APT IN DTLA! FREE PARKING + BALCONY!,110,4.21,42,https://www.airbnb.com/rooms/29260781?location=Los%20Angeles%2C%20CA&amp;adults=2&amp;check_in=2019-12-25&amp;check_out=2019-12-26&amp;previous_page_section_name=1000&amp;search_id=33a11a19-776f-a971-ce4d-6e92a5a83c90&amp;federated_search_id=89a92709-96b2-4df7-92ce-3adfcbd3e76f
149,5526345,#1 self check-in room late arrivals OK,257,4.74,25,https://www.airbnb.com/rooms/38213567?location=Los%20Angeles%2C%20CA&amp;adults=2&amp;check_in=2019-12-25&amp;check_out=2019-12-26&amp;previous_page_section_name=1000&amp;search_id=33a11a19-776f-a971-ce4d-6e92a5a83c90&amp;federated_search_id=89a92709-96b2-4df7-92ce-3adfcbd3e76f
150,37335672,Private Condo: Bedroom + Studio + Outdoor Patio.,64,0,187,https://www.airbnb.com/rooms/8227477?location=Los%20Angeles%2C%20CA&amp;adults=2&amp;check_in=2019-12-25&amp;check_out=2019-12-26&amp;previous_page_section_name=1000&amp;search_id=33a11a19-776f-a971-ce4d-6e92a5a83c90&amp;federated_search_id=89a92709-96b2-4df7-92ce-3adfcbd3e76f
151,14195231,Large Private Room with private Bathroom/Entrance,60,4.86,73,https://www.airbnb.com/rooms/plus/1336402?location=Los%20Angeles%2C%20CA&amp;adults=2&amp;check_in=2019-12-25&amp;check_out=2019-12-26&amp;previous_page_section_name=1000&amp;search_id=33a11a19-776f-a971-ce4d-6e92a5a83c90&amp;federated_search_id=89a92709-96b2-4df7-92ce-3adfcbd3e76f
152,25213709,Dual Level Laurel Canyon Guesthouse with Pool+Deck,90,5.0,141,https://www.airbnb.com/rooms/18774139?location=Los%20Angeles%2C%20CA&amp;adults=2&amp;check_in=2019-12-25&amp;check_out=2019-12-26&amp;previous_page_section_name=1000&amp;search_id=33a11a19-776f-a971-ce4d-6e92a5a83c90&amp;federated_search_id=89a92709-96b2-4df7-92ce-3adfcbd3e76f
153,23998602,Cozy studio in Hollywood. 5 STAR LISTING!,96,4.91,0,https://www.airbnb.com/rooms/40676985?location=Los%20Angeles%2C%20CA&amp;adults=2&amp;check_in=2019-12-25&amp;check_out=2019-12-26&amp;previous_page_section_name=1000&amp;search_id=33a11a19-776f-a971-ce4d-6e92a5a83c90&amp;federated_search_id=89a92709-96b2-4df7-92ce-3adfcbd3e76f
154,27232576,Visit Santa Monica Pier from suite in Guest house,53,4.97,462,https://www.airbnb.com/rooms/756777?location=Los%20Angeles%2C%20CA&amp;adults=2&amp;check_in=2019-12-25&amp;check_out=2019-12-26&amp;previous_page_section_name=1000&amp;search_id=33a11a19-776f-a971-ce4d-6e92a5a83c90&amp;federated_search_id=89a92709-96b2-4df7-92ce-3adfcbd3e76f
155,33752834,Cozy relaxing room near lax/forum & casino #1,116,4.17,236,https://www.airbnb.com/rooms/8720972?location=Los%20Angeles%2C%20CA&amp;adults=2&amp;check_in=2019-12-25&amp;check_out=2019-12-26&amp;previous_page_section_name=1000&amp;search_id=33a11a19-776f-a971-ce4d-6e92a5a83c90&amp;federated_search_id=89a92709-96b2-4df7-92ce-3adfcbd3e76f
156,18774139,★★STUNNING LOFT- HUGE COMFORTABLE BED - LONG BEACH,46,4.86,0,https://www.airbnb.com/rooms/40734143?location=Los%20Angeles%2C%20CA&amp;adults=2&amp;check_in=2019-12-25&amp;check_out=2019-12-26&amp;previous_page_section_name=1000&amp;search_id=33a11a19-776f-a971-ce4d-6e92a5a83c90&amp;federated_search_id=89a92709-96b2-4df7-92ce-3adfcbd3e76f
157,30426131,Prime Location 2 beds house Cozy w/ private garden,271,4.34,0,https://www.airbnb.com/rooms/39871891?location=Los%20Angeles%2C%20CA&amp;adults=2&amp;check_in=2019-12-25&amp;check_out=2019-12-26&amp;previous_page_section_name=1000&amp;search_id=33a11a19-776f-a971-ce4d-6e92a5a83c90&amp;federated_search_id=89a92709-96b2-4df7-92ce-3adfcbd3e76f
158,39822784,"The Skyline: Dtwn Long Beach, LAX, Metro, Disney",80,4.90,0,https://www.airbnb.com/rooms/40734845?location=Los%20Angeles%2C%20CA&amp;adults=2&amp;check_in=2019-12-25&amp;check_out=2019-12-26&amp;previous_page_section_name=1000&amp;search_id=33a11a19-776f-a971-ce4d-6e92a5a83c90&amp;federated_search_id=89a92709-96b2-4df7-92ce-3adfcbd3e76f
159,1657261,The Rooftop with Pool,43,4.50,0,https://www.airbnb.com/rooms/5948665?location=Los%20Angeles%2C%20CA&amp;adults=2&amp;check_in=2019-12-25&amp;check_out=2019-12-26&amp;previous_page_section_name=1000&amp;search_id=0aa01159-d9f7-2b79-1fb8-cb28be0bc412&amp;federated_search_id=826fe32f-7874-40ae-ab28-afc68ee248e3
160,40684646,Spacious DTLA Loft,87,4.86,0,https://www.airbnb.com/rooms/37433576?location=Los%20Angeles%2C%20CA&amp;adults=2&amp;check_in=2019-12-25&amp;check_out=2019-12-26&amp;previous_page_section_name=1000&amp;search_id=0aa01159-d9f7-2b79-1fb8-cb28be0bc412&amp;federated_search_id=826fe32f-7874-40ae-ab28-afc68ee248e3
161,20055899,"5 min to LAX, Private Entrance, Studio Apartment",70,0,76,https://www.airbnb.com/rooms/38978918?location=Los%20Angeles%2C%20CA&amp;adults=2&amp;check_in=2019-12-25&amp;check_out=2019-12-26&amp;previous_page_section_name=1000&amp;search_id=0aa01159-d9f7-2b79-1fb8-cb28be0bc412&amp;federated_search_id=826fe32f-7874-40ae-ab28-afc68ee248e3
162,33253195,TKO's Place,159,0,183,https://www.airbnb.com/rooms/14637506?location=Los%20Angeles%2C%20CA&amp;adults=2&amp;check_in=2019-12-25&amp;check_out=2019-12-26&amp;previous_page_section_name=1000&amp;search_id=0aa01159-d9f7-2b79-1fb8-cb28be0bc412&amp;federated_search_id=826fe32f-7874-40ae-ab28-afc68ee248e3
163,5374860,Prime Location 2 beds house Cozy w/ private garden,78,0,198,https://www.airbnb.com/rooms/40269956?location=Los%20Angeles%2C%20CA&amp;adults=2&amp;check_in=2019-12-25&amp;check_out=2019-12-26&amp;previous_page_section_name=1000&amp;search_id=0aa01159-d9f7-2b79-1fb8-cb28be0bc412&amp;federated_search_id=826fe32f-7874-40ae-ab28-afc68ee248e3
164,31771614,Large Private Room with private Bathroom/Entrance,99,4.48,149,https://www.airbnb.com/rooms/20569591?location=Los%20Angeles%2C%20CA&amp;adults=2&amp;check_in=2019-12-25&amp;check_out=2019-12-26&amp;previous_page_section_name=1000&amp;search_id=0aa01159-d9f7-2b79-1fb8-cb28be0bc412&amp;federated_search_id=826fe32f-7874-40ae-ab28-afc68ee248e3
165,967783,Stunning NEW Modern Home - Private Bedroom,40,0,45,https://www.airbnb.com/rooms/39176420?location=Los%20Angeles%2C%20CA&amp;adults=2&amp;check_in=2019-12-25&amp;check_out=2019-12-26&amp;previous_page_section_name=1000&amp;search_id=0aa01159-d9f7-2b79-1fb8-cb28be0bc412&amp;federated_search_id=826fe32f-7874-40ae-ab28-afc68ee248e3
166,40292840,The Rosemary LA (Silverlake) - #4,30,0,8,https://www.airbnb.com/rooms/35774599?location=Los%20Angeles%2C%20CA&amp;adults=2&amp;check_in=2019-12-25&amp;check_out=2019-12-26&amp;previous_page_section_name=1000&amp;search_id=0aa01159-d9f7-2b79-1fb8-cb28be0bc412&amp;federated_search_id=826fe32f-7874-40ae-ab28-afc68ee248e3
167,19088723,FASCINATING DUPLEX 2BR+2.5BA IN HEART OF 3RD ST,85,0,298,https://www.airbnb.com/rooms/38520587?location=Los%20Angeles%2C%20CA&amp;adults=2&amp;check_in=2019-12-25&amp;check_out=2019-12-26&amp;previous_page_section_name=1000&amp;search_id=0aa01159-d9f7-2b79-1fb8-cb28be0bc412&amp;federated_search_id=826fe32f-7874-40ae-ab28-afc68ee248e3
168,40734143,BEST 5 STAR APT IN DTLA! FREE PARKING + BALCONY!,127,4.91,46,https://www.airbnb.com/rooms/25542862?location=Los%20Angeles%2C%20CA&amp;adults=2&amp;check_in=2019-12-25&amp;check_out=2019-12-26&amp;previous_page_section_name=1000&amp;search_id=0aa01159-d9f7-2b79-1fb8-cb28be0bc412&amp;federated_search_id=826fe32f-7874-40ae-ab28-afc68ee248e3
169,34758788,"Private, Semi Detached, Safe, close to attractions",102,4.96,14,https://www.airbnb.com/rooms/28183497?location=Los%20Angeles%2C%20CA&amp;adults=2&amp;check_in=2019-12-25&amp;check_out=2019-12-26&amp;previous_page_section_name=1000&amp;search_id=0aa01159-d9f7-2b79-1fb8-cb28be0bc412&amp;federated_search_id=826fe32f-7874-40ae-ab28-afc68ee248e3
170,29079022,Large Private Room With Private Bathroom  RM#2,73,0,202,https://www.airbnb.com/rooms/33457255?location=Los%20Angeles%2C%20CA&amp;adults=2&amp;check_in=2019-12-25&amp;check_out=2019-12-26&amp;previous_page_section_name=1000&amp;search_id=0aa01159-d9f7-2b79-1fb8-cb28be0bc412&amp;federated_search_id=826fe32f-7874-40ae-ab28-afc68ee248e3
171,7660161,The Rosemary LA (Silverlake) - #3,225,4.50,9,https://www.airbnb.com/rooms/40732808?location=Los%20Angeles%2C%20CA&amp;adults=2&amp;check_in=2019-12-25&amp;check_out=2019-12-26&amp;previous_page_section_name=1000&amp;search_id=0aa01159-d9f7-2b79-1fb8-cb28be0bc412&amp;federated_search_id=826fe32f-7874-40ae-ab28-afc68ee248e3
172,14637506,Tiny House in the Heights,49,4.90,162,https://www.airbnb.com/rooms/5052188?location=Los%20Angeles%2C%20CA&amp;adults=2&amp;check_in=2019-12-25&amp;check_out=2019-12-26&amp;previous_page_section_name=1000&amp;search_id=0aa01159-d9f7-2b79-1fb8-cb28be0bc412&amp;federated_search_id=826fe32f-7874-40ae-ab28-afc68ee248e3
173,39706377,Bright cozy room in beautiful Echo Park,108,4.61,7,https://www.airbnb.com/rooms/31987947?location=Los%20Angeles%2C%20CA&amp;adults=2&amp;check_in=2019-12-25&amp;check_out=2019-12-26&amp;previous_page_section_name=1000&amp;search_id=fd8e8c31-d301-350f-6f1b-635025b74026&amp;federated_search_id=454f371d-77a0-49f7-8ac6-392ad65647ed
174,30594859,Sweet Romantic Guest House,35,0,70,https://www.airbnb.com/rooms/38062438?location=Los%20Angeles%2C%20CA&amp;adults=2&amp;check_in=2019-12-25&amp;check_out=2019-12-26&amp;previous_page_section_name=1000&amp;search_id=fd8e8c31-d301-350f-6f1b-635025b74026&amp;federated_search_id=454f371d-77a0-49f7-8ac6-392ad65647ed
175,9681261,LAX Casa de Paz - Tranquility Room,90,4.88,229,https://www.airbnb.com/rooms/40649939?location=Los%20Angeles%2C%20CA&amp;adults=2&amp;check_in=2019-12-25&amp;check_out=2019-12-26&amp;previous_page_section_name=1000&amp;search_id=fd8e8c31-d301-350f-6f1b-635025b74026&amp;federated_search_id=454f371d-77a0-49f7-8ac6-392ad65647ed
176,32879210,3. K-Town hostel,35,0,35,https://www.airbnb.com/rooms/40676985?location=Los%20Angeles%2C%20CA&amp;adults=2&amp;check_in=2019-12-25&amp;check_out=2019-12-26&amp;previous_page_section_name=1000&amp;search_id=fd8e8c31-d301-350f-6f1b-635025b74026&amp;federated_search_id=454f371d-77a0-49f7-8ac6-392ad65647ed
177,25738917,Luxurious Apartment on The Promenade with Parking,84,4.86,57,https://www.airbnb.com/rooms/14195231?location=Los%20Angeles%2C%20CA&amp;adults=2&amp;check_in=2019-12-25&amp;check_out=2019-12-26&amp;previous_page_section_name=1000&amp;search_id=fd8e8c31-d301-350f-6f1b-635025b74026&amp;federated_search_id=454f371d-77a0-49f7-8ac6-392ad65647ed
178,21178869,RV AIRSTREAM TINY LIVING BY LONG BEACH AIRPORT,58,0,133,https://www.airbnb.com/rooms/84636?location=Los%20Angeles%2C%20CA&amp;adults=2&amp;check_in=2019-12-25&amp;check_out=2019-12-26&amp;previous_page_section_name=1000&amp;search_id=fd8e8c31-d301-350f-6f1b-635025b74026&amp;federated_search_id=454f371d-77a0-49f7-8ac6-392ad65647ed
179,29079975,Tiki Love Shack @ Venice Beach ok short/Long stay,120,4.25,101,https://www.airbnb.com/rooms/28672072?location=Los%20Angeles%2C%20CA&amp;adults=2&amp;check_in=2019-12-25&amp;check_out=2019-12-26&amp;previous_page_section_name=1000&amp;search_id=fd8e8c31-d301-350f-6f1b-635025b74026&amp;federated_search_id=454f371d-77a0-49f7-8ac6-392ad65647ed
180,18008644,"1 Bdr Apt+Bonus Near Airport, Beach, & Downtown LA",50,4.93,35,https://www.airbnb.com/rooms/36281349?location=Los%20Angeles%2C%20CA&amp;adults=2&amp;check_in=2019-12-25&amp;check_out=2019-12-26&amp;previous_page_section_name=1000&amp;search_id=fd8e8c31-d301-350f-6f1b-635025b74026&amp;federated_search_id=454f371d-77a0-49f7-8ac6-392ad65647ed
181,15556330,theDoll-Your OWN Efficiency Studio by Hollywood,80,4.69,169,https://www.airbnb.com/rooms/14944159?location=Los%20Angeles%2C%20CA&amp;adults=2&amp;check_in=2019-12-25&amp;check_out=2019-12-26&amp;previous_page_section_name=1000&amp;search_id=fd8e8c31-d301-350f-6f1b-635025b74026&amp;federated_search_id=454f371d-77a0-49f7-8ac6-392ad65647ed
182,36281349,1912 Craftsman style suite,89,4.65,8,https://www.airbnb.com/rooms/1025047?location=Los%20Angeles%2C%20CA&amp;adults=2&amp;check_in=2019-12-25&amp;check_out=2019-12-26&amp;previous_page_section_name=1000&amp;search_id=fd8e8c31-d301-350f-6f1b-635025b74026&amp;federated_search_id=454f371d-77a0-49f7-8ac6-392ad65647ed
183,38937451,BEST 5 STAR APT IN DTLA! FREE PARKING + BALCONY!,70,4.38,11,https://www.airbnb.com/rooms/40732808?location=Los%20Angeles%2C%20CA&amp;adults=2&amp;check_in=2019-12-25&amp;check_out=2019-12-26&amp;previous_page_section_name=1000&amp;search_id=fd8e8c31-d301-350f-6f1b-635025b74026&amp;federated_search_id=454f371d-77a0-49f7-8ac6-392ad65647ed
184,40433621,Canyon Home Altadena King Bed!,116,4.67,0,https://www.airbnb.com/rooms/18278425?location=Los%20Angeles%2C%20CA&amp;adults=2&amp;check_in=2019-12-25&amp;check_out=2019-12-26&amp;previous_page_section_name=1000&amp;search_id=fd8e8c31-d301-350f-6f1b-635025b74026&amp;federated_search_id=454f371d-77a0-49f7-8ac6-392ad65647ed
185,33853506,Prime Location 2 beds house Cozy w/ private garden,85,4.64,63,https://www.airbnb.com/rooms/5948665?location=Los%20Angeles%2C%20CA&amp;adults=2&amp;check_in=2019-12-25&amp;check_out=2019-12-26&amp;previous_page_section_name=1000&amp;search_id=2d3259f8-3514-6e5f-85a3-3fe3713cf624&amp;federated_search_id=24fc659d-bb92-4a79-8db3-2516c1165f3f
186,33689817,Secret Garden Guest House,45,2.33,202,https://www.airbnb.com/rooms/8720972?location=Los%20Angeles%2C%20CA&amp;adults=2&amp;check_in=2019-12-25&amp;check_out=2019-12-26&amp;previous_page_section_name=1000&amp;search_id=2d3259f8-3514-6e5f-85a3-3fe3713cf624&amp;federated_search_id=24fc659d-bb92-4a79-8db3-2516c1165f3f
187,40006899,Quiet Cozy Private Room 温馨安静之家,80,4.77,12,https://www.airbnb.com/rooms/5208021?location=Los%20Angeles%2C%20CA&amp;adults=2&amp;check_in=2019-12-25&amp;check_out=2019-12-26&amp;previous_page_section_name=1000&amp;search_id=2d3259f8-3514-6e5f-85a3-3fe3713cf624&amp;federated_search_id=24fc659d-bb92-4a79-8db3-2516c1165f3f
188,40564567,Private room with separate entrance,93,5.0,49,https://www.airbnb.com/rooms/37016789?location=Los%20Angeles%2C%20CA&amp;adults=2&amp;check_in=2019-12-25&amp;check_out=2019-12-26&amp;previous_page_section_name=1000&amp;search_id=2d3259f8-3514-6e5f-85a3-3fe3713cf624&amp;federated_search_id=24fc659d-bb92-4a79-8db3-2516c1165f3f
189,40007705,Vintage Charm + Antique Oak Bed + Breakfast,92,4.81,3,https://www.airbnb.com/rooms/40262470?location=Los%20Angeles%2C%20CA&amp;adults=2&amp;check_in=2019-12-25&amp;check_out=2019-12-26&amp;previous_page_section_name=1000&amp;search_id=2d3259f8-3514-6e5f-85a3-3fe3713cf624&amp;federated_search_id=24fc659d-bb92-4a79-8db3-2516c1165f3f
190,35774599,"Glendale Express Hotel, Deluxe King Bed",95,4.68,8,https://www.airbnb.com/rooms/24088818?location=Los%20Angeles%2C%20CA&amp;adults=2&amp;check_in=2019-12-25&amp;check_out=2019-12-26&amp;previous_page_section_name=1000&amp;search_id=2d3259f8-3514-6e5f-85a3-3fe3713cf624&amp;federated_search_id=24fc659d-bb92-4a79-8db3-2516c1165f3f
191,38669837,Hollywood hills stunning best view,115,5.0,14,https://www.airbnb.com/rooms/18505519?location=Los%20Angeles%2C%20CA&amp;adults=2&amp;check_in=2019-12-25&amp;check_out=2019-12-26&amp;previous_page_section_name=1000&amp;search_id=2d3259f8-3514-6e5f-85a3-3fe3713cf624&amp;federated_search_id=24fc659d-bb92-4a79-8db3-2516c1165f3f
192,36204006,New Spacious Queen Bedroom w/ TV!!!,115,4.88,9,https://www.airbnb.com/rooms/16068164?location=Los%20Angeles%2C%20CA&amp;adults=2&amp;check_in=2019-12-25&amp;check_out=2019-12-26&amp;previous_page_section_name=1000&amp;search_id=2d3259f8-3514-6e5f-85a3-3fe3713cf624&amp;federated_search_id=24fc659d-bb92-4a79-8db3-2516c1165f3f
193,28672072,Cozy studio in Hollywood. 5 STAR LISTING!,47,4.92,35,https://www.airbnb.com/rooms/32015030?location=Los%20Angeles%2C%20CA&amp;adults=2&amp;check_in=2019-12-25&amp;check_out=2019-12-26&amp;previous_page_section_name=1000&amp;search_id=2d3259f8-3514-6e5f-85a3-3fe3713cf624&amp;federated_search_id=24fc659d-bb92-4a79-8db3-2516c1165f3f
194,40761820,Nice Cozy Bedroom *SUPERHOST*,145,0,183,https://www.airbnb.com/rooms/30426131?location=Los%20Angeles%2C%20CA&amp;adults=2&amp;check_in=2019-12-25&amp;check_out=2019-12-26&amp;previous_page_section_name=1000&amp;search_id=2d3259f8-3514-6e5f-85a3-3fe3713cf624&amp;federated_search_id=24fc659d-bb92-4a79-8db3-2516c1165f3f
195,40137990,Eclectic 1-Bedrm Hollywood rock star apt! (235),60,4.63,213,https://www.airbnb.com/rooms/30183182?location=Los%20Angeles%2C%20CA&amp;adults=2&amp;check_in=2019-12-25&amp;check_out=2019-12-26&amp;previous_page_section_name=1000&amp;search_id=2d3259f8-3514-6e5f-85a3-3fe3713cf624&amp;federated_search_id=24fc659d-bb92-4a79-8db3-2516c1165f3f
196,40683479,Cozy-Hill Home(No extra fees)a must for your stay,233,4.28,0,https://www.airbnb.com/rooms/36281349?location=Los%20Angeles%2C%20CA&amp;adults=2&amp;check_in=2019-12-25&amp;check_out=2019-12-26&amp;previous_page_section_name=1000&amp;search_id=2d3259f8-3514-6e5f-85a3-3fe3713cf624&amp;federated_search_id=24fc659d-bb92-4a79-8db3-2516c1165f3f
197,40728183,Guesthouse Getaway.Quiet Nbrhd. AC! New Full-size,65,4.25,188,https://www.airbnb.com/rooms/28672072?location=Los%20Angeles%2C%20CA&amp;adults=2&amp;check_in=2019-12-25&amp;check_out=2019-12-26&amp;previous_page_section_name=1000&amp;search_id=2d3259f8-3514-6e5f-85a3-3fe3713cf624&amp;federated_search_id=24fc659d-bb92-4a79-8db3-2516c1165f3f
198,1606014,Sweet Home,48,4.78,0,https://www.airbnb.com/rooms/27548857?location=Los%20Angeles%2C%20CA&amp;adults=2&amp;check_in=2019-12-25&amp;check_out=2019-12-26&amp;previous_page_section_name=1000&amp;search_id=2d3259f8-3514-6e5f-85a3-3fe3713cf624&amp;federated_search_id=24fc659d-bb92-4a79-8db3-2516c1165f3f
199,35522378,East View Room,169,4.88,4,https://www.airbnb.com/rooms/2722835?location=Los%20Angeles%2C%20CA&amp;adults=2&amp;check_in=2019-12-25&amp;check_out=2019-12-26&amp;previous_page_section_name=1000&amp;search_id=2d3259f8-3514-6e5f-85a3-3fe3713cf624&amp;federated_search_id=24fc659d-bb92-4a79-8db3-2516c1165f3f
200,7117076,The Rosemary - Downtown LA - #4,104,0,0,https://www.airbnb.com/rooms/39273626?location=Los%20Angeles%2C%20CA&amp;adults=2&amp;check_in=2019-12-25&amp;check_out=2019-12-26&amp;previous_page_section_name=1000&amp;search_id=dafa96a5-5f42-492f-c368-a6a8def345dc&amp;federated_search_id=b9fed177-643b-451a-9165-37fbd93eaf29
201,27548857,Motel Room $407  a Week,45,4.75,213,https://www.airbnb.com/rooms/2357443?location=Los%20Angeles%2C%20CA&amp;adults=2&amp;check_in=2019-12-25&amp;check_out=2019-12-26&amp;previous_page_section_name=1000&amp;search_id=dafa96a5-5f42-492f-c368-a6a8def345dc&amp;federated_search_id=b9fed177-643b-451a-9165-37fbd93eaf29
202,34317082,The Garden Studio,255,0,19,https://www.airbnb.com/rooms/28165253?location=Los%20Angeles%2C%20CA&amp;adults=2&amp;check_in=2019-12-25&amp;check_out=2019-12-26&amp;previous_page_section_name=1000&amp;search_id=dafa96a5-5f42-492f-c368-a6a8def345dc&amp;federated_search_id=b9fed177-643b-451a-9165-37fbd93eaf29
203,14944159,Beautiful Historic Home near the Ocean and Harbor,47,4.67,19,https://www.airbnb.com/rooms/35875233?location=Los%20Angeles%2C%20CA&amp;adults=2&amp;check_in=2019-12-25&amp;check_out=2019-12-26&amp;previous_page_section_name=1000&amp;search_id=dafa96a5-5f42-492f-c368-a6a8def345dc&amp;federated_search_id=b9fed177-643b-451a-9165-37fbd93eaf29
204,21701513,The Rosemary LA (Silverlake) - #5,59,3.61,188,https://www.airbnb.com/rooms/25516335?location=Los%20Angeles%2C%20CA&amp;adults=2&amp;check_in=2019-12-25&amp;check_out=2019-12-26&amp;previous_page_section_name=1000&amp;search_id=dafa96a5-5f42-492f-c368-a6a8def345dc&amp;federated_search_id=b9fed177-643b-451a-9165-37fbd93eaf29
205,40732808,Centrally Located Studio w/Easy Access & Parking,64,0,94,https://www.airbnb.com/rooms/24328920?location=Los%20Angeles%2C%20CA&amp;adults=2&amp;check_in=2019-12-25&amp;check_out=2019-12-26&amp;previous_page_section_name=1000&amp;search_id=dafa96a5-5f42-492f-c368-a6a8def345dc&amp;federated_search_id=b9fed177-643b-451a-9165-37fbd93eaf29
206,19185918,Stroll the Sunset Strip at an Art-Filled Urban Hideaway,85,5.0,0,https://www.airbnb.com/rooms/38841157?location=Los%20Angeles%2C%20CA&amp;adults=2&amp;check_in=2019-12-25&amp;check_out=2019-12-26&amp;previous_page_section_name=1000&amp;search_id=dafa96a5-5f42-492f-c368-a6a8def345dc&amp;federated_search_id=b9fed177-643b-451a-9165-37fbd93eaf29
207,37012797,Guesthouse Getaway.Quiet Nbrhd. AC! New Full-size,86,4.79,98,https://www.airbnb.com/rooms/17624602?location=Los%20Angeles%2C%20CA&amp;adults=2&amp;check_in=2019-12-25&amp;check_out=2019-12-26&amp;previous_page_section_name=1000&amp;search_id=dafa96a5-5f42-492f-c368-a6a8def345dc&amp;federated_search_id=b9fed177-643b-451a-9165-37fbd93eaf29
208,20982550,K8 cozy studio #5,90,4.11,0,https://www.airbnb.com/rooms/39732436?location=Los%20Angeles%2C%20CA&amp;adults=2&amp;check_in=2019-12-25&amp;check_out=2019-12-26&amp;previous_page_section_name=1000&amp;search_id=dafa96a5-5f42-492f-c368-a6a8def345dc&amp;federated_search_id=b9fed177-643b-451a-9165-37fbd93eaf29
209,38041609,203,55,4.67,166,https://www.airbnb.com/rooms/21699388?location=Los%20Angeles%2C%20CA&amp;adults=2&amp;check_in=2019-12-25&amp;check_out=2019-12-26&amp;previous_page_section_name=1000&amp;search_id=dafa96a5-5f42-492f-c368-a6a8def345dc&amp;federated_search_id=b9fed177-643b-451a-9165-37fbd93eaf29
210,38606090,Famous Private Room in Hollywood!,58,4.26,133,https://www.airbnb.com/rooms/24312164?location=Los%20Angeles%2C%20CA&amp;adults=2&amp;check_in=2019-12-25&amp;check_out=2019-12-26&amp;previous_page_section_name=1000&amp;search_id=dafa96a5-5f42-492f-c368-a6a8def345dc&amp;federated_search_id=b9fed177-643b-451a-9165-37fbd93eaf29
211,38728630,Beautiful House in Perfect Location!,32,4.41,16,https://www.airbnb.com/rooms/14054436?location=Los%20Angeles%2C%20CA&amp;adults=2&amp;check_in=2019-12-25&amp;check_out=2019-12-26&amp;previous_page_section_name=1000&amp;search_id=dafa96a5-5f42-492f-c368-a6a8def345dc&amp;federated_search_id=b9fed177-643b-451a-9165-37fbd93eaf29
212,28317911,Private room with private entrance,100,4.83,61,https://www.airbnb.com/rooms/29966179?location=Los%20Angeles%2C%20CA&amp;adults=2&amp;check_in=2019-12-25&amp;check_out=2019-12-26&amp;previous_page_section_name=1000&amp;search_id=dafa96a5-5f42-492f-c368-a6a8def345dc&amp;federated_search_id=b9fed177-643b-451a-9165-37fbd93eaf29
213,25359357,"Hotel Figueroa, Classic Suite",55,4.92,0,https://www.airbnb.com/rooms/39894540?location=Los%20Angeles%2C%20CA&amp;adults=2&amp;check_in=2019-12-25&amp;check_out=2019-12-26&amp;previous_page_section_name=1000&amp;search_id=d74d1cdc-15b7-7417-7e54-604964a174ea&amp;federated_search_id=06dd03c6-cb7c-4232-8bf4-be678aa1afe9
214,20570043,***Master suite for family near Disneyland***,99,4.94,72,https://www.airbnb.com/rooms/40137990?location=Los%20Angeles%2C%20CA&amp;adults=2&amp;check_in=2019-12-25&amp;check_out=2019-12-26&amp;previous_page_section_name=1000&amp;search_id=d74d1cdc-15b7-7417-7e54-604964a174ea&amp;federated_search_id=06dd03c6-cb7c-4232-8bf4-be678aa1afe9
215,39780579,"Suhomu|Modern Style Room, Great for work trip",150,4.25,0,https://www.airbnb.com/rooms/40728183?location=Los%20Angeles%2C%20CA&amp;adults=2&amp;check_in=2019-12-25&amp;check_out=2019-12-26&amp;previous_page_section_name=1000&amp;search_id=d74d1cdc-15b7-7417-7e54-604964a174ea&amp;federated_search_id=06dd03c6-cb7c-4232-8bf4-be678aa1afe9
216,32269252,1-Bedrm Hollywood apt min from Walk of Fame (228),108,4.89,27,https://www.airbnb.com/rooms/16227171?location=Los%20Angeles%2C%20CA&amp;adults=2&amp;check_in=2019-12-25&amp;check_out=2019-12-26&amp;previous_page_section_name=1000&amp;search_id=d74d1cdc-15b7-7417-7e54-604964a174ea&amp;federated_search_id=06dd03c6-cb7c-4232-8bf4-be678aa1afe9
217,13675075,Spacious master bedroom in NOHO,90,4.23,11,https://www.airbnb.com/rooms/13600955?location=Los%20Angeles%2C%20CA&amp;adults=2&amp;check_in=2019-12-25&amp;check_out=2019-12-26&amp;previous_page_section_name=1000&amp;search_id=d74d1cdc-15b7-7417-7e54-604964a174ea&amp;federated_search_id=06dd03c6-cb7c-4232-8bf4-be678aa1afe9
218,16767728,스페셜 2,109,4.26,3,https://www.airbnb.com/rooms/30972680?location=Los%20Angeles%2C%20CA&amp;adults=2&amp;check_in=2019-12-25&amp;check_out=2019-12-26&amp;previous_page_section_name=1000&amp;search_id=d74d1cdc-15b7-7417-7e54-604964a174ea&amp;federated_search_id=06dd03c6-cb7c-4232-8bf4-be678aa1afe9
219,33711387,Cozy and Clean San Gabriel Room,129,4.20,17,https://www.airbnb.com/rooms/31720072?location=Los%20Angeles%2C%20CA&amp;adults=2&amp;check_in=2019-12-25&amp;check_out=2019-12-26&amp;previous_page_section_name=1000&amp;search_id=d74d1cdc-15b7-7417-7e54-604964a174ea&amp;federated_search_id=06dd03c6-cb7c-4232-8bf4-be678aa1afe9
220,37782572,!!Comfy Private Room in Hearth of Hollywood!!,50,4.70,35,https://www.airbnb.com/rooms/39201332?location=Los%20Angeles%2C%20CA&amp;adults=2&amp;check_in=2019-12-25&amp;check_out=2019-12-26&amp;previous_page_section_name=1000&amp;search_id=d74d1cdc-15b7-7417-7e54-604964a174ea&amp;federated_search_id=06dd03c6-cb7c-4232-8bf4-be678aa1afe9
221,30773769,Close to Everything!! View of the Hollywood sign!!,32,4.27,0,https://www.airbnb.com/rooms/28165253?location=Los%20Angeles%2C%20CA&amp;adults=2&amp;check_in=2019-12-25&amp;check_out=2019-12-26&amp;previous_page_section_name=1000&amp;search_id=d74d1cdc-15b7-7417-7e54-604964a174ea&amp;federated_search_id=06dd03c6-cb7c-4232-8bf4-be678aa1afe9
222,32015030,Eclectic 1-Bedrm Hollywood rock star apt! (235),59,4.95,4,https://www.airbnb.com/rooms/40325700?location=Los%20Angeles%2C%20CA&amp;adults=2&amp;check_in=2019-12-25&amp;check_out=2019-12-26&amp;previous_page_section_name=1000&amp;search_id=d74d1cdc-15b7-7417-7e54-604964a174ea&amp;federated_search_id=06dd03c6-cb7c-4232-8bf4-be678aa1afe9
223,20570311,Private studio near LAX and Silicon Beach,122,0,31,https://www.airbnb.com/rooms/25213709?location=Los%20Angeles%2C%20CA&amp;adults=2&amp;check_in=2019-12-25&amp;check_out=2019-12-26&amp;previous_page_section_name=1000&amp;search_id=d74d1cdc-15b7-7417-7e54-604964a174ea&amp;federated_search_id=06dd03c6-cb7c-4232-8bf4-be678aa1afe9
224,879195,Modern Loft with Rooftop in Downtown LA,125,4.90,0,https://www.airbnb.com/rooms/40775642?location=Los%20Angeles%2C%20CA&amp;adults=2&amp;check_in=2019-12-25&amp;check_out=2019-12-26&amp;previous_page_section_name=1000&amp;search_id=d74d1cdc-15b7-7417-7e54-604964a174ea&amp;federated_search_id=06dd03c6-cb7c-4232-8bf4-be678aa1afe9
225,31987947,theDoll-Your OWN Efficiency Studio by Hollywood,53,0,18,https://www.airbnb.com/rooms/35504623?location=Los%20Angeles%2C%20CA&amp;adults=2&amp;check_in=2019-12-25&amp;check_out=2019-12-26&amp;previous_page_section_name=1000&amp;search_id=7c5657f0-537d-8902-2929-14535f93e6ee&amp;federated_search_id=35d360fb-0c54-4e30-943f-ebff900c9c89
226,40563164,Private studio near LAX and Silicon Beach,63,4.65,31,https://www.airbnb.com/rooms/36950339?location=Los%20Angeles%2C%20CA&amp;adults=2&amp;check_in=2019-12-25&amp;check_out=2019-12-26&amp;previous_page_section_name=1000&amp;search_id=7c5657f0-537d-8902-2929-14535f93e6ee&amp;federated_search_id=35d360fb-0c54-4e30-943f-ebff900c9c89
227,32693988,清幽小屋private room 24 hours security camera smart TV,68,4.27,88,https://www.airbnb.com/rooms/27763177?location=Los%20Angeles%2C%20CA&amp;adults=2&amp;check_in=2019-12-25&amp;check_out=2019-12-26&amp;previous_page_section_name=1000&amp;search_id=7c5657f0-537d-8902-2929-14535f93e6ee&amp;federated_search_id=35d360fb-0c54-4e30-943f-ebff900c9c89
228,18630174,Nice Room(2#) in Hilltop Villa Close to Disney,140,4.59,46,https://www.airbnb.com/rooms/24088818?location=Los%20Angeles%2C%20CA&amp;adults=2&amp;check_in=2019-12-25&amp;check_out=2019-12-26&amp;previous_page_section_name=1000&amp;search_id=7c5657f0-537d-8902-2929-14535f93e6ee&amp;federated_search_id=35d360fb-0c54-4e30-943f-ebff900c9c89
229,38841436,Stroll the Sunset Strip at an Art-Filled Urban Hideaway,45,4.93,25,https://www.airbnb.com/rooms/plus/19846975?location=Los%20Angeles%2C%20CA&amp;adults=2&amp;check_in=2019-12-25&amp;check_out=2019-12-26&amp;previous_page_section_name=1000&amp;search_id=7c5657f0-537d-8902-2929-14535f93e6ee&amp;federated_search_id=35d360fb-0c54-4e30-943f-ebff900c9c89
230,21699388,Mountain Cove,60,4.55,120,https://www.airbnb.com/rooms/14358383?location=Los%20Angeles%2C%20CA&amp;adults=2&amp;check_in=2019-12-25&amp;check_out=2019-12-26&amp;previous_page_section_name=1000&amp;search_id=7c5657f0-537d-8902-2929-14535f93e6ee&amp;federated_search_id=35d360fb-0c54-4e30-943f-ebff900c9c89
231,8516411,"Helen's Garden , Two Twin size Beds Cute And Clean",161,4.72,35,https://www.airbnb.com/rooms/35972955?location=Los%20Angeles%2C%20CA&amp;adults=2&amp;check_in=2019-12-25&amp;check_out=2019-12-26&amp;previous_page_section_name=1000&amp;search_id=7c5657f0-537d-8902-2929-14535f93e6ee&amp;federated_search_id=35d360fb-0c54-4e30-943f-ebff900c9c89
232,31365493,Cozy modern & clean room in NOHO,86,4.72,20,https://www.airbnb.com/rooms/38138403?location=Los%20Angeles%2C%20CA&amp;adults=2&amp;check_in=2019-12-25&amp;check_out=2019-12-26&amp;previous_page_section_name=1000&amp;search_id=7c5657f0-537d-8902-2929-14535f93e6ee&amp;federated_search_id=35d360fb-0c54-4e30-943f-ebff900c9c89
233,35875233,TenTen Wilshire Official - Deluxe Plus,70,4.93,27,https://www.airbnb.com/rooms/17285065?location=Los%20Angeles%2C%20CA&amp;adults=2&amp;check_in=2019-12-25&amp;check_out=2019-12-26&amp;previous_page_section_name=1000&amp;search_id=7c5657f0-537d-8902-2929-14535f93e6ee&amp;federated_search_id=35d360fb-0c54-4e30-943f-ebff900c9c89
234,35643040,"Rowland Heights Room, 雅房，近超市购物中心高速，免费停车，安静安全",35,0,0,https://www.airbnb.com/rooms/40676985?location=Los%20Angeles%2C%20CA&amp;adults=2&amp;check_in=2019-12-25&amp;check_out=2019-12-26&amp;previous_page_section_name=1000&amp;search_id=7c5657f0-537d-8902-2929-14535f93e6ee&amp;federated_search_id=35d360fb-0c54-4e30-943f-ebff900c9c89
235,1471992,Spacious 2 bed 2 bath apartment in Hollywood,85,4.94,0,https://www.airbnb.com/rooms/40448691?location=Los%20Angeles%2C%20CA&amp;adults=2&amp;check_in=2019-12-25&amp;check_out=2019-12-26&amp;previous_page_section_name=1000&amp;search_id=7c5657f0-537d-8902-2929-14535f93e6ee&amp;federated_search_id=35d360fb-0c54-4e30-943f-ebff900c9c89
236,34259775,Gorgeous Mini Mansion,100,4.33,0,https://www.airbnb.com/rooms/38747691?location=Los%20Angeles%2C%20CA&amp;adults=2&amp;check_in=2019-12-25&amp;check_out=2019-12-26&amp;previous_page_section_name=1000&amp;search_id=7c5657f0-537d-8902-2929-14535f93e6ee&amp;federated_search_id=35d360fb-0c54-4e30-943f-ebff900c9c89
237,37837858,Lovely Views! Near Holywood & Studios,119,4.66,224,https://www.airbnb.com/rooms/10522158?location=Los%20Angeles%2C%20CA&amp;adults=2&amp;check_in=2019-12-25&amp;check_out=2019-12-26&amp;previous_page_section_name=1000&amp;search_id=7c5657f0-537d-8902-2929-14535f93e6ee&amp;federated_search_id=35d360fb-0c54-4e30-943f-ebff900c9c89
238,2752583,"Suhomu|Modern Style Room, Great for work trip",78,4.65,0,https://www.airbnb.com/rooms/40264072?location=Los%20Angeles%2C%20CA&amp;adults=2&amp;check_in=2019-12-25&amp;check_out=2019-12-26&amp;previous_page_section_name=1000&amp;search_id=7c5657f0-537d-8902-2929-14535f93e6ee&amp;federated_search_id=35d360fb-0c54-4e30-943f-ebff900c9c89
239,14054436,Eclectic 1-Bedrm Hollywood rock star apt! (235),127,0,4,https://www.airbnb.com/rooms/40007705?location=Los%20Angeles%2C%20CA&amp;adults=2&amp;check_in=2019-12-25&amp;check_out=2019-12-26&amp;previous_page_section_name=1000&amp;search_id=7c5657f0-537d-8902-2929-14535f93e6ee&amp;federated_search_id=35d360fb-0c54-4e30-943f-ebff900c9c89
240,35504623,Cozy modern & clean room in NOHO,108,0,57,https://www.airbnb.com/rooms/40615021?location=Los%20Angeles%2C%20CA&amp;adults=2&amp;check_in=2019-12-25&amp;check_out=2019-12-26&amp;previous_page_section_name=1000&amp;search_id=6293345d-0bfa-4f0e-ff9b-dc7debd4303f&amp;federated_search_id=72f57261-1dd1-4817-bfab-6a17626a1e3a
241,39112196,HOLLYWOOD HILLS SKYLINE VIEW STUDIO,55,0,33,https://www.airbnb.com/rooms/25359357?location=Los%20Angeles%2C%20CA&amp;adults=2&amp;check_in=2019-12-25&amp;check_out=2019-12-26&amp;previous_page_section_name=1000&amp;search_id=6293345d-0bfa-4f0e-ff9b-dc7debd4303f&amp;federated_search_id=72f57261-1dd1-4817-bfab-6a17626a1e3a
242,36950339,Modern 3 Bedroom Family Home in SilverLake/EchoPark D,175,4.57,0,https://www.airbnb.com/rooms/1025047?location=Los%20Angeles%2C%20CA&amp;adults=2&amp;check_in=2019-12-25&amp;check_out=2019-12-26&amp;previous_page_section_name=1000&amp;search_id=6293345d-0bfa-4f0e-ff9b-dc7debd4303f&amp;federated_search_id=72f57261-1dd1-4817-bfab-6a17626a1e3a
243,27763177,Hollywood Comfortable Bedroom+Parking,68,4.90,86,https://www.airbnb.com/rooms/879195?location=Los%20Angeles%2C%20CA&amp;adults=2&amp;check_in=2019-12-25&amp;check_out=2019-12-26&amp;previous_page_section_name=1000&amp;search_id=6293345d-0bfa-4f0e-ff9b-dc7debd4303f&amp;federated_search_id=72f57261-1dd1-4817-bfab-6a17626a1e3a
244,24088818,LUXURY ROOM on Promenade st. 5 min to the BEACH!,170,0,212,https://www.airbnb.com/rooms/31319846?location=Los%20Angeles%2C%20CA&amp;adults=2&amp;check_in=2019-12-25&amp;check_out=2019-12-26&amp;previous_page_section_name=1000&amp;search_id=6293345d-0bfa-4f0e-ff9b-dc7debd4303f&amp;federated_search_id=72f57261-1dd1-4817-bfab-6a17626a1e3a
245,14358383,Glendale home close to Hollywood Walk  and LA ZOO.,80,0,166,https://www.airbnb.com/rooms/17302731?location=Los%20Angeles%2C%20CA&amp;adults=2&amp;check_in=2019-12-25&amp;check_out=2019-12-26&amp;previous_page_section_name=1000&amp;search_id=6293345d-0bfa-4f0e-ff9b-dc7debd4303f&amp;federated_search_id=72f57261-1dd1-4817-bfab-6a17626a1e3a
246,35972955,"舒适安全 Cozy private & Quiet room ,Rosemead Park近商圈公园",190,4.48,302,https://www.airbnb.com/rooms/14742565?location=Los%20Angeles%2C%20CA&amp;adults=2&amp;check_in=2019-12-25&amp;check_out=2019-12-26&amp;previous_page_section_name=1000&amp;search_id=6293345d-0bfa-4f0e-ff9b-dc7debd4303f&amp;federated_search_id=72f57261-1dd1-4817-bfab-6a17626a1e3a
247,38138403,Studio Near LAX & New Rams Stadium & The Forum,233,4.33,39,https://www.airbnb.com/rooms/35657576?location=Los%20Angeles%2C%20CA&amp;adults=2&amp;check_in=2019-12-25&amp;check_out=2019-12-26&amp;previous_page_section_name=1000&amp;search_id=6293345d-0bfa-4f0e-ff9b-dc7debd4303f&amp;federated_search_id=72f57261-1dd1-4817-bfab-6a17626a1e3a
248,17285065,Great view located in the heart of LOS Angeles,99,4.81,19,https://www.airbnb.com/rooms/27635856?location=Los%20Angeles%2C%20CA&amp;adults=2&amp;check_in=2019-12-25&amp;check_out=2019-12-26&amp;previous_page_section_name=1000&amp;search_id=6293345d-0bfa-4f0e-ff9b-dc7debd4303f&amp;federated_search_id=72f57261-1dd1-4817-bfab-6a17626a1e3a
249,40676985,Nice Room(2#) in Hilltop Villa Close to Disney,115,4.79,0,https://www.airbnb.com/rooms/40483751?location=Los%20Angeles%2C%20CA&amp;adults=2&amp;check_in=2019-12-25&amp;check_out=2019-12-26&amp;previous_page_section_name=1000&amp;search_id=6293345d-0bfa-4f0e-ff9b-dc7debd4303f&amp;federated_search_id=72f57261-1dd1-4817-bfab-6a17626a1e3a
250,38747691,Amazing NEW DTLA Studio,65,0,36,https://www.airbnb.com/rooms/33859457?location=Los%20Angeles%2C%20CA&amp;adults=2&amp;check_in=2019-12-25&amp;check_out=2019-12-26&amp;previous_page_section_name=1000&amp;search_id=6293345d-0bfa-4f0e-ff9b-dc7debd4303f&amp;federated_search_id=72f57261-1dd1-4817-bfab-6a17626a1e3a
251,24669554,"Hotel Figueroa, Classic Queen",40,4.20,18,https://www.airbnb.com/rooms/26446292?location=Los%20Angeles%2C%20CA&amp;adults=2&amp;check_in=2019-12-25&amp;check_out=2019-12-26&amp;previous_page_section_name=1000&amp;search_id=6293345d-0bfa-4f0e-ff9b-dc7debd4303f&amp;federated_search_id=72f57261-1dd1-4817-bfab-6a17626a1e3a
252,10522158,Cozy Room by Beach,125,4.53,10,https://www.airbnb.com/rooms/13606147?location=Los%20Angeles%2C%20CA&amp;adults=2&amp;check_in=2019-12-25&amp;check_out=2019-12-26&amp;previous_page_section_name=1000&amp;search_id=6293345d-0bfa-4f0e-ff9b-dc7debd4303f&amp;federated_search_id=72f57261-1dd1-4817-bfab-6a17626a1e3a
253,40264072,Private Guest House with Hot Tub. PETS WELCOME!,128,4.06,211,https://www.airbnb.com/rooms/22227375?location=Los%20Angeles%2C%20CA&amp;adults=2&amp;check_in=2019-12-25&amp;check_out=2019-12-26&amp;previous_page_section_name=1000&amp;search_id=6293345d-0bfa-4f0e-ff9b-dc7debd4303f&amp;federated_search_id=72f57261-1dd1-4817-bfab-6a17626a1e3a
254,573917,HOLLYWOOD HILLS SKYLINE VIEW STUDIO,169,4.74,27,https://www.airbnb.com/rooms/35161096?location=Los%20Angeles%2C%20CA&amp;adults=2&amp;check_in=2019-12-25&amp;check_out=2019-12-26&amp;previous_page_section_name=1000&amp;search_id=cc6cd9b0-8de1-0559-519e-a0e7da9102f4&amp;federated_search_id=751c94cd-8e91-4ef0-8ae1-e59869496cac
255,35659349,Pasadena  room#5 private bathroom双人房 独立卫生间,65,4.65,36,https://www.airbnb.com/rooms/40563164?location=Los%20Angeles%2C%20CA&amp;adults=2&amp;check_in=2019-12-25&amp;check_out=2019-12-26&amp;previous_page_section_name=1000&amp;search_id=cc6cd9b0-8de1-0559-519e-a0e7da9102f4&amp;federated_search_id=751c94cd-8e91-4ef0-8ae1-e59869496cac
256,39201332,Enchanting Room + Breakfast + Parking,98,4.27,7,https://www.airbnb.com/rooms/32693988?location=Los%20Angeles%2C%20CA&amp;adults=2&amp;check_in=2019-12-25&amp;check_out=2019-12-26&amp;previous_page_section_name=1000&amp;search_id=cc6cd9b0-8de1-0559-519e-a0e7da9102f4&amp;federated_search_id=751c94cd-8e91-4ef0-8ae1-e59869496cac
257,31720072,Cute & cozy studio with patio near Americana,103,4.59,10,https://www.airbnb.com/rooms/18630174?location=Los%20Angeles%2C%20CA&amp;adults=2&amp;check_in=2019-12-25&amp;check_out=2019-12-26&amp;previous_page_section_name=1000&amp;search_id=cc6cd9b0-8de1-0559-519e-a0e7da9102f4&amp;federated_search_id=751c94cd-8e91-4ef0-8ae1-e59869496cac
258,40309139,Famous Private Room in Hollywood!,234,4.93,0,https://www.airbnb.com/rooms/38841436?location=Los%20Angeles%2C%20CA&amp;adults=2&amp;check_in=2019-12-25&amp;check_out=2019-12-26&amp;previous_page_section_name=1000&amp;search_id=cc6cd9b0-8de1-0559-519e-a0e7da9102f4&amp;federated_search_id=751c94cd-8e91-4ef0-8ae1-e59869496cac
259,38552801,Comfortable Tagaytay Room,50,4.17,8,https://www.airbnb.com/rooms/16498576?location=Los%20Angeles%2C%20CA&amp;adults=2&amp;check_in=2019-12-25&amp;check_out=2019-12-26&amp;previous_page_section_name=1000&amp;search_id=cc6cd9b0-8de1-0559-519e-a0e7da9102f4&amp;federated_search_id=751c94cd-8e91-4ef0-8ae1-e59869496cac
260,26446292,Canyon Home Altadena King Bed!,183,4.55,3,https://www.airbnb.com/rooms/21699388?location=Los%20Angeles%2C%20CA&amp;adults=2&amp;check_in=2019-12-25&amp;check_out=2019-12-26&amp;previous_page_section_name=1000&amp;search_id=cc6cd9b0-8de1-0559-519e-a0e7da9102f4&amp;federated_search_id=751c94cd-8e91-4ef0-8ae1-e59869496cac
261,29688704,Cozy studio in Downtown LA with Balcony&Parking,55,4.72,242,https://www.airbnb.com/rooms/8516411?location=Los%20Angeles%2C%20CA&amp;adults=2&amp;check_in=2019-12-25&amp;check_out=2019-12-26&amp;previous_page_section_name=1000&amp;search_id=cc6cd9b0-8de1-0559-519e-a0e7da9102f4&amp;federated_search_id=751c94cd-8e91-4ef0-8ae1-e59869496cac
262,38064592,201,114,0,44,https://www.airbnb.com/rooms/35643040?location=Los%20Angeles%2C%20CA&amp;adults=2&amp;check_in=2019-12-25&amp;check_out=2019-12-26&amp;previous_page_section_name=1000&amp;search_id=cc6cd9b0-8de1-0559-519e-a0e7da9102f4&amp;federated_search_id=751c94cd-8e91-4ef0-8ae1-e59869496cac
263,40325700,K8 cozy studio #5,40,4.94,0,https://www.airbnb.com/rooms/1471992?location=Los%20Angeles%2C%20CA&amp;adults=2&amp;check_in=2019-12-25&amp;check_out=2019-12-26&amp;previous_page_section_name=1000&amp;search_id=cc6cd9b0-8de1-0559-519e-a0e7da9102f4&amp;federated_search_id=751c94cd-8e91-4ef0-8ae1-e59869496cac
264,31624308,Modern 3 Bedroom Family Home in SilverLake/EchoPark D,68,4.33,9,https://www.airbnb.com/rooms/34259775?location=Los%20Angeles%2C%20CA&amp;adults=2&amp;check_in=2019-12-25&amp;check_out=2019-12-26&amp;previous_page_section_name=1000&amp;search_id=cc6cd9b0-8de1-0559-519e-a0e7da9102f4&amp;federated_search_id=751c94cd-8e91-4ef0-8ae1-e59869496cac
265,33828094,LUXURY ROOM on Promenade st. 5 min to the BEACH!,80,4.66,0,https://www.airbnb.com/rooms/37837858?location=Los%20Angeles%2C%20CA&amp;adults=2&amp;check_in=2019-12-25&amp;check_out=2019-12-26&amp;previous_page_section_name=1000&amp;search_id=cc6cd9b0-8de1-0559-519e-a0e7da9102f4&amp;federated_search_id=751c94cd-8e91-4ef0-8ae1-e59869496cac
266,17703811,*New Listing* Private GuestHouse with Kitchen&Bath,150,0,9,https://www.airbnb.com/rooms/14054436?location=Los%20Angeles%2C%20CA&amp;adults=2&amp;check_in=2019-12-25&amp;check_out=2019-12-26&amp;previous_page_section_name=1000&amp;search_id=cc6cd9b0-8de1-0559-519e-a0e7da9102f4&amp;federated_search_id=751c94cd-8e91-4ef0-8ae1-e59869496cac
267,40347408,"Walk to Disney 2 bedroom/1bath, w kitchen, laundry",104,4.88,92,https://www.airbnb.com/rooms/573917?location=Los%20Angeles%2C%20CA&amp;adults=2&amp;check_in=2019-12-25&amp;check_out=2019-12-26&amp;previous_page_section_name=1000&amp;search_id=b2ec9758-e415-bad5-28a3-c103ab04d797&amp;federated_search_id=6bcce2e8-ff40-40aa-8182-93491984d384
268,40615021,Central LA Private Yellow Room/  Queen Bed 4,58,4.91,46,https://www.airbnb.com/rooms/33828094?location=Los%20Angeles%2C%20CA&amp;adults=2&amp;check_in=2019-12-25&amp;check_out=2019-12-26&amp;previous_page_section_name=1000&amp;search_id=b2ec9758-e415-bad5-28a3-c103ab04d797&amp;federated_search_id=6bcce2e8-ff40-40aa-8182-93491984d384
269,38702106,Large Room with Separate Entrance near Disneyland,50,4.92,19,https://www.airbnb.com/rooms/31146646?location=Los%20Angeles%2C%20CA&amp;adults=2&amp;check_in=2019-12-25&amp;check_out=2019-12-26&amp;previous_page_section_name=1000&amp;search_id=b2ec9758-e415-bad5-28a3-c103ab04d797&amp;federated_search_id=6bcce2e8-ff40-40aa-8182-93491984d384
270,19924677,"Private Master Suite in Modern, Renovated Bungalow",122,4.74,74,https://www.airbnb.com/rooms/39176420?location=Los%20Angeles%2C%20CA&amp;adults=2&amp;check_in=2019-12-25&amp;check_out=2019-12-26&amp;previous_page_section_name=1000&amp;search_id=b2ec9758-e415-bad5-28a3-c103ab04d797&amp;federated_search_id=6bcce2e8-ff40-40aa-8182-93491984d384
271,33859457,Splendid  pr/room Silver Lake/Atwater village,92,4.90,19,https://www.airbnb.com/rooms/40710283?location=Los%20Angeles%2C%20CA&amp;adults=2&amp;check_in=2019-12-25&amp;check_out=2019-12-26&amp;previous_page_section_name=1000&amp;search_id=b2ec9758-e415-bad5-28a3-c103ab04d797&amp;federated_search_id=6bcce2e8-ff40-40aa-8182-93491984d384
272,5760370,Sweet Home,59,0,0,https://www.airbnb.com/rooms/24088818?location=Los%20Angeles%2C%20CA&amp;adults=2&amp;check_in=2019-12-25&amp;check_out=2019-12-26&amp;previous_page_section_name=1000&amp;search_id=b2ec9758-e415-bad5-28a3-c103ab04d797&amp;federated_search_id=6bcce2e8-ff40-40aa-8182-93491984d384
273,32106184,Cool Mid Century Modern Luxury Condo BEST of DTLA,124,4.28,17,https://www.airbnb.com/rooms/37434787?location=Los%20Angeles%2C%20CA&amp;adults=2&amp;check_in=2019-12-25&amp;check_out=2019-12-26&amp;previous_page_section_name=1000&amp;search_id=b2ec9758-e415-bad5-28a3-c103ab04d797&amp;federated_search_id=6bcce2e8-ff40-40aa-8182-93491984d384
274,38841296,"Room for 2 Disney, Anaheim Conv. Ctr",39,4.67,73,https://www.airbnb.com/rooms/21363523?location=Los%20Angeles%2C%20CA&amp;adults=2&amp;check_in=2019-12-25&amp;check_out=2019-12-26&amp;previous_page_section_name=1000&amp;search_id=b2ec9758-e415-bad5-28a3-c103ab04d797&amp;federated_search_id=6bcce2e8-ff40-40aa-8182-93491984d384
275,550153,Studio in Beverlywood... Beverly Hills/Culver City,114,4.94,81,https://www.airbnb.com/rooms/38841157?location=Los%20Angeles%2C%20CA&amp;adults=2&amp;check_in=2019-12-25&amp;check_out=2019-12-26&amp;previous_page_section_name=1000&amp;search_id=b2ec9758-e415-bad5-28a3-c103ab04d797&amp;federated_search_id=6bcce2e8-ff40-40aa-8182-93491984d384
276,33688423,"Travelers: It’s Disney- Anaheim Convention, Beach",59,4.70,329,https://www.airbnb.com/rooms/25181681?location=Los%20Angeles%2C%20CA&amp;adults=2&amp;check_in=2019-12-25&amp;check_out=2019-12-26&amp;previous_page_section_name=1000&amp;search_id=b2ec9758-e415-bad5-28a3-c103ab04d797&amp;federated_search_id=6bcce2e8-ff40-40aa-8182-93491984d384
277,36609230,TenTen Wilshire Official - Deluxe Plus,257,4.95,71,https://www.airbnb.com/rooms/7788846?location=Los%20Angeles%2C%20CA&amp;adults=2&amp;check_in=2019-12-25&amp;check_out=2019-12-26&amp;previous_page_section_name=1000&amp;search_id=b2ec9758-e415-bad5-28a3-c103ab04d797&amp;federated_search_id=6bcce2e8-ff40-40aa-8182-93491984d384
278,12868388,Comfortable Tagaytay Room,28,4.69,0,https://www.airbnb.com/rooms/21884962?location=Los%20Angeles%2C%20CA&amp;adults=2&amp;check_in=2019-12-25&amp;check_out=2019-12-26&amp;previous_page_section_name=1000&amp;search_id=b2ec9758-e415-bad5-28a3-c103ab04d797&amp;federated_search_id=6bcce2e8-ff40-40aa-8182-93491984d384
279,31103645,Hollywood Comfortable Bedroom+Parking,98,4.92,133,https://www.airbnb.com/rooms/13675075?location=Los%20Angeles%2C%20CA&amp;adults=2&amp;check_in=2019-12-25&amp;check_out=2019-12-26&amp;previous_page_section_name=1000&amp;search_id=5e744aab-48b8-dcb0-bbab-49929d1c4fde&amp;federated_search_id=73130a94-49c1-433c-8417-504f6570ad8b
280,40269956,private room on 3rd floor room 2 near Pasadena,234,0,224,https://www.airbnb.com/rooms/10522158?location=Los%20Angeles%2C%20CA&amp;adults=2&amp;check_in=2019-12-25&amp;check_out=2019-12-26&amp;previous_page_section_name=1000&amp;search_id=5e744aab-48b8-dcb0-bbab-49929d1c4fde&amp;federated_search_id=73130a94-49c1-433c-8417-504f6570ad8b
281,31146646,Tranquil Guest Studio,50,5.0,51,https://www.airbnb.com/rooms/30183182?location=Los%20Angeles%2C%20CA&amp;adults=2&amp;check_in=2019-12-25&amp;check_out=2019-12-26&amp;previous_page_section_name=1000&amp;search_id=5e744aab-48b8-dcb0-bbab-49929d1c4fde&amp;federated_search_id=73130a94-49c1-433c-8417-504f6570ad8b
282,38606508,Glendale home close to Hollywood Walk  and LA ZOO.,183,4.93,245,https://www.airbnb.com/rooms/7117076?location=Los%20Angeles%2C%20CA&amp;adults=2&amp;check_in=2019-12-25&amp;check_out=2019-12-26&amp;previous_page_section_name=1000&amp;search_id=5e744aab-48b8-dcb0-bbab-49929d1c4fde&amp;federated_search_id=73130a94-49c1-433c-8417-504f6570ad8b
283,39176420,"舒适安全 Cozy private & Quiet room ,Rosemead Park近商圈公园",55,4.85,212,https://www.airbnb.com/rooms/plus/17556005?location=Los%20Angeles%2C%20CA&amp;adults=2&amp;check_in=2019-12-25&amp;check_out=2019-12-26&amp;previous_page_section_name=1000&amp;search_id=5e744aab-48b8-dcb0-bbab-49929d1c4fde&amp;federated_search_id=73130a94-49c1-433c-8417-504f6570ad8b
284,40710283,Studio Near LAX & New Rams Stadium & The Forum,35,4.55,205,https://www.airbnb.com/rooms/19124272?location=Los%20Angeles%2C%20CA&amp;adults=2&amp;check_in=2019-12-25&amp;check_out=2019-12-26&amp;previous_page_section_name=1000&amp;search_id=5e744aab-48b8-dcb0-bbab-49929d1c4fde&amp;federated_search_id=73130a94-49c1-433c-8417-504f6570ad8b
285,36162799,Great view located in the heart of LOS Angeles,155,4.67,20,https://www.airbnb.com/rooms/38138403?location=Los%20Angeles%2C%20CA&amp;adults=2&amp;check_in=2019-12-25&amp;check_out=2019-12-26&amp;previous_page_section_name=1000&amp;search_id=5e744aab-48b8-dcb0-bbab-49929d1c4fde&amp;federated_search_id=73130a94-49c1-433c-8417-504f6570ad8b
286,37434787,BRAND NEW 1BRM APARTMENT IN ICONIC HOLLYWOOD,40,0,202,https://www.airbnb.com/rooms/16227171?location=Los%20Angeles%2C%20CA&amp;adults=2&amp;check_in=2019-12-25&amp;check_out=2019-12-26&amp;previous_page_section_name=1000&amp;search_id=5e744aab-48b8-dcb0-bbab-49929d1c4fde&amp;federated_search_id=73130a94-49c1-433c-8417-504f6570ad8b
287,21363523,Amazing NEW DTLA Studio,68,4.39,181,https://www.airbnb.com/rooms/20961166?location=Los%20Angeles%2C%20CA&amp;adults=2&amp;check_in=2019-12-25&amp;check_out=2019-12-26&amp;previous_page_section_name=1000&amp;search_id=5e744aab-48b8-dcb0-bbab-49929d1c4fde&amp;federated_search_id=73130a94-49c1-433c-8417-504f6570ad8b
288,38841157,"Hotel Figueroa, Classic Queen",88,0,94,https://www.airbnb.com/rooms/24669554?location=Los%20Angeles%2C%20CA&amp;adults=2&amp;check_in=2019-12-25&amp;check_out=2019-12-26&amp;previous_page_section_name=1000&amp;search_id=5e744aab-48b8-dcb0-bbab-49929d1c4fde&amp;federated_search_id=73130a94-49c1-433c-8417-504f6570ad8b
289,25181681,Cozy Room by Beach,80,4.33,25,https://www.airbnb.com/rooms/36525704?location=Los%20Angeles%2C%20CA&amp;adults=2&amp;check_in=2019-12-25&amp;check_out=2019-12-26&amp;previous_page_section_name=1000&amp;search_id=5e744aab-48b8-dcb0-bbab-49929d1c4fde&amp;federated_search_id=73130a94-49c1-433c-8417-504f6570ad8b
290,7788846,Private Guest House with Hot Tub. PETS WELCOME!,46,4.70,27,https://www.airbnb.com/rooms/17285065?location=Los%20Angeles%2C%20CA&amp;adults=2&amp;check_in=2019-12-25&amp;check_out=2019-12-26&amp;previous_page_section_name=1000&amp;search_id=5e744aab-48b8-dcb0-bbab-49929d1c4fde&amp;federated_search_id=73130a94-49c1-433c-8417-504f6570ad8b
